[{"key":{"glCode":"01-9805032300026","compCode":"01","deptId":1},"glDate":"Sunday, March 5, 2023 at 12:00:00 AM Myanmar Time","description":"Purchase Voucher Paid : 7 Star","srcAccCode":"600001","accCode":"700001","curCode":"MMK","crAmt":4749976.0,"reference":"","deptCode":"001","tranSource":"PURCHASE","macId":98,"refNo":"01-0500002-0323","deleted":false,"batchNo":"","cash":false,"deptUsrCode":"H","srcAccName":"Daily Cash","accName":"Purchase","vouDate":"05/03/2023","edit":false,"opening":0.0,"closing":0.0,"amount":0.0}]