[{"key":{"glCode":"00401000000076","compCode":"0010010"},"glDate":"Saturday, January 8, 2022 at 12:00:00 AM Myanmar Time","description":"cash received","srcAccCode":"001-00034","accCode":"001-00038","curCode":"MMK","drAmt":3000000.0,"deptCode":"001-0001","traderCode":"CUS00315-001","tranSource":"CB","deleted":false,"cash":false,"deptUsrCode":"H","traderName":"Khin Mg Yu-U","srcAccName":"ေန့စဥ္ေငြစာရင္း","accName":"ကုန္သၫ္စာရင္း (ကုန္ေရာင္း)"},{"key":{"glCode":"00401000000077","compCode":"0010010"},"glDate":"Saturday, January 8, 2022 at 12:00:00 AM Myanmar Time","description":"cash received","srcAccCode":"001-00034","accCode":"001-00038","curCode":"MMK","drAmt":8843350.0,"deptCode":"001-0001","traderCode":"CUS00432-001","tranSource":"CB","deleted":false,"cash":false,"deptUsrCode":"H","traderName":"yuzana-princess","srcAccName":"ေန့စဥ္ေငြစာရင္း","accName":"ကုန္သၫ္စာရင္း (ကုန္ေရာင္း)"},{"key":{"glCode":"00401000000078","compCode":"0010010"},"glDate":"Saturday, January 8, 2022 at 12:00:00 AM Myanmar Time","description":"cash received","srcAccCode":"001-00034","accCode":"001-00038","curCode":"MMK","drAmt":718000.0,"deptCode":"001-0001","traderCode":"CUS00065-001","tranSource":"CB","deleted":false,"cash":false,"deptUsrCode":"H","traderName":"Yin May-Ma","srcAccName":"ေန့စဥ္ေငြစာရင္း","accName":"ကုန္သၫ္စာရင္း (ကုန္ေရာင္း)"},{"key":{"glCode":"00401000000079","compCode":"0010010"},"glDate":"Saturday, January 8, 2022 at 12:00:00 AM Myanmar Time","description":"cash received","srcAccCode":"001-00034","accCode":"001-00038","curCode":"MMK","drAmt":83000.0,"deptCode":"001-0001","traderCode":"CUS00418-001","tranSource":"CB","deleted":false,"cash":false,"deptUsrCode":"H","traderName":"Aye Thandar Thein-Ma","srcAccName":"ေန့စဥ္ေငြစာရင္း","accName":"ကုန္သၫ္စာရင္း (ကုန္ေရာင္း)"},{"key":{"glCode":"00401000000080","compCode":"0010010"},"glDate":"Saturday, January 8, 2022 at 12:00:00 AM Myanmar Time","description":"cash received","srcAccCode":"001-00034","accCode":"001-00038","curCode":"MMK","drAmt":274400.0,"deptCode":"001-0001","traderCode":"CUS00310-001","tranSource":"CB","deleted":false,"cash":false,"deptUsrCode":"H","traderName":"Kyal","srcAccName":"ေန့စဥ္ေငြစာရင္း","accName":"ကုန္သၫ္စာရင္း (ကုန္ေရာင္း)"},{"key":{"glCode":"00401000000081","compCode":"0010010"},"glDate":"Saturday, January 8, 2022 at 12:00:00 AM Myanmar Time","description":"cash received","srcAccCode":"001-00034","accCode":"001-00038","curCode":"MMK","drAmt":5130000.0,"deptCode":"001-0001","traderCode":"CUS00108-001","tranSource":"CB","deleted":false,"cash":false,"deptUsrCode":"H","traderName":"Nu Nu Wai - Ma","srcAccName":"ေန့စဥ္ေငြစာရင္း","accName":"ကုန္သၫ္စာရင္း (ကုန္ေရာင္း)"},{"key":{"glCode":"00401000000082","compCode":"0010010"},"glDate":"Saturday, January 8, 2022 at 12:00:00 AM Myanmar Time","description":"cash received-Jenna","srcAccCode":"001-00034","accCode":"001-00038","curCode":"MMK","drAmt":334800.0,"deptCode":"001-0001","traderCode":"CUS00352-001","tranSource":"CB","deleted":false,"cash":false,"deptUsrCode":"H","traderName":"Temporary Customer","srcAccName":"ေန့စဥ္ေငြစာရင္း","accName":"ကုန္သၫ္စာရင္း (ကုန္ေရာင္း)"},{"key":{"glCode":"00401000000083","compCode":"0010010"},"glDate":"Saturday, January 8, 2022 at 12:00:00 AM Myanmar Time","description":"cash received","srcAccCode":"001-00034","accCode":"001-00038","curCode":"MMK","drAmt":9000000.0,"deptCode":"001-0001","traderCode":"CUS00340-001","tranSource":"CB","deleted":false,"cash":false,"deptUsrCode":"H","traderName":"Hein Zaw-ko","srcAccName":"ေန့စဥ္ေငြစာရင္း","accName":"ကုန္သၫ္စာရင္း (ကုန္ေရာင္း)"},{"key":{"glCode":"00401000000084","compCode":"0010010"},"glDate":"Saturday, January 8, 2022 at 12:00:00 AM Myanmar Time","description":"cash received","srcAccCode":"001-00034","accCode":"001-00038","curCode":"MMK","drAmt":31000.0,"deptCode":"001-0001","traderCode":"CUS00059-001","tranSource":"CB","deleted":false,"cash":false,"deptUsrCode":"H","traderName":"Thiri Garment","srcAccName":"ေန့စဥ္ေငြစာရင္း","accName":"ကုန္သၫ္စာရင္း (ကုန္ေရာင္း)"},{"key":{"glCode":"00401000000085","compCode":"0010010"},"glDate":"Saturday, January 8, 2022 at 12:00:00 AM Myanmar Time","description":"cash received-Ma Su Hlaing","srcAccCode":"001-00034","accCode":"001-00038","curCode":"MMK","drAmt":1787000.0,"deptCode":"001-0001","traderCode":"CUS00352-001","tranSource":"CB","deleted":false,"cash":false,"deptUsrCode":"H","traderName":"Temporary Customer","srcAccName":"ေန့စဥ္ေငြစာရင္း","accName":"ကုန္သၫ္စာရင္း (ကုန္ေရာင္း)"},{"key":{"glCode":"00401000000086","compCode":"0010010"},"glDate":"Saturday, January 8, 2022 at 12:00:00 AM Myanmar Time","description":"cash received","srcAccCode":"001-00034","accCode":"001-00038","curCode":"MMK","drAmt":60000.0,"deptCode":"001-0001","traderCode":"CUS00071-001","tranSource":"CB","deleted":false,"cash":false,"deptUsrCode":"H","traderName":"Zin May Oo","srcAccName":"ေန့စဥ္ေငြစာရင္း","accName":"ကုန္သၫ္စာရင္း (ကုန္ေရာင္း)"},{"key":{"glCode":"00401000000087","compCode":"0010010"},"glDate":"Saturday, January 8, 2022 at 12:00:00 AM Myanmar Time","description":"cash received","srcAccCode":"001-00034","accCode":"001-00038","curCode":"MMK","drAmt":1775500.0,"deptCode":"001-0001","traderCode":"CUS00494-001","tranSource":"CB","deleted":false,"cash":false,"deptUsrCode":"H","traderName":"Great Empire","srcAccName":"ေန့စဥ္ေငြစာရင္း","accName":"ကုန္သၫ္စာရင္း (ကုန္ေရာင္း)"},{"key":{"glCode":"00401000000088","compCode":"0010010"},"glDate":"Saturday, January 8, 2022 at 12:00:00 AM Myanmar Time","description":"cash received","srcAccCode":"001-00034","accCode":"001-00038","curCode":"MMK","drAmt":748500.0,"deptCode":"001-0001","traderCode":"CUS00394-001","tranSource":"CB","deleted":false,"cash":false,"deptUsrCode":"H","traderName":"Ko Naing/Ma Theint","srcAccName":"ေန့စဥ္ေငြစာရင္း","accName":"ကုန္သၫ္စာရင္း (ကုန္ေရာင္း)"},{"key":{"glCode":"00401000000089","compCode":"0010010"},"glDate":"Saturday, January 8, 2022 at 12:00:00 AM Myanmar Time","description":"cash received","srcAccCode":"001-00034","accCode":"001-00038","curCode":"MMK","drAmt":1000000.0,"deptCode":"001-0001","traderCode":"CUS00059-001","tranSource":"CB","deleted":false,"cash":false,"deptUsrCode":"H","traderName":"Thiri Garment","srcAccName":"ေန့စဥ္ေငြစာရင္း","accName":"ကုန္သၫ္စာရင္း (ကုန္ေရာင္း)"},{"key":{"glCode":"00401000000090","compCode":"0010010"},"glDate":"Saturday, January 8, 2022 at 12:00:00 AM Myanmar Time","description":"cash received","srcAccCode":"001-00034","accCode":"001-00038","curCode":"MMK","drAmt":1500000.0,"deptCode":"001-0001","traderCode":"CUS00011-001","tranSource":"CB","deleted":false,"cash":false,"deptUsrCode":"H","traderName":"Arr Pyint","srcAccName":"ေန့စဥ္ေငြစာရင္း","accName":"ကုန္သၫ္စာရင္း (ကုန္ေရာင္း)"},{"key":{"glCode":"00401000000091","compCode":"0010010"},"glDate":"Saturday, January 8, 2022 at 12:00:00 AM Myanmar Time","description":"cash received","srcAccCode":"001-00034","accCode":"001-00038","curCode":"MMK","drAmt":33200.0,"deptCode":"001-0001","traderCode":"CUS00502-001","tranSource":"CB","deleted":false,"cash":false,"deptUsrCode":"H","traderName":"NP","srcAccName":"ေန့စဥ္ေငြစာရင္း","accName":"ကုန္သၫ္စာရင္း (ကုန္ေရာင္း)"},{"key":{"glCode":"00401000000092","compCode":"0010010"},"glDate":"Saturday, January 8, 2022 at 12:00:00 AM Myanmar Time","description":"cash received","srcAccCode":"001-00034","accCode":"001-00038","curCode":"MMK","drAmt":64000.0,"deptCode":"001-0001","traderCode":"CUS00013-001","tranSource":"CB","deleted":false,"cash":false,"deptUsrCode":"H","traderName":"Cho Cho Win (daw)","srcAccName":"ေန့စဥ္ေငြစာရင္း","accName":"ကုန္သၫ္စာရင္း (ကုန္ေရာင္း)"},{"key":{"glCode":"00401000000093","compCode":"0010010"},"glDate":"Saturday, January 8, 2022 at 12:00:00 AM Myanmar Time","description":"cash received","srcAccCode":"001-00034","accCode":"001-00038","curCode":"MMK","drAmt":1.4E7,"deptCode":"001-0001","traderCode":"CUS00008-001","tranSource":"CB","deleted":false,"cash":false,"deptUsrCode":"H","traderName":"Aung Win (U)","srcAccName":"ေန့စဥ္ေငြစာရင္း","accName":"ကုန္သၫ္စာရင္း (ကုန္ေရာင္း)"},{"key":{"glCode":"00401000000094","compCode":"0010010"},"glDate":"Saturday, January 8, 2022 at 12:00:00 AM Myanmar Time","description":"3s oil-Ko Naing Lin","srcAccCode":"001-00034","accCode":"001-00442","curCode":"MMK","crAmt":20000.0,"deptCode":"001-0001","tranSource":"CB","deleted":false,"cash":false,"deptUsrCode":"H","srcAccName":"ေန့စဥ္ေငြစာရင္း","accName":"၃စ ၃၉၉၈(ဆီ)"},{"key":{"glCode":"00401000000095","compCode":"0010010"},"glDate":"Saturday, January 8, 2022 at 12:00:00 AM Myanmar Time","description":"cash paid - refund","srcAccCode":"001-00034","accCode":"001-00038","curCode":"MMK","crAmt":215200.0,"deptCode":"001-0001","traderCode":"CUS00143-001","tranSource":"CB","deleted":false,"cash":false,"deptUsrCode":"H","traderName":"Han Ni-Ma(N/D)","srcAccName":"ေန့စဥ္ေငြစာရင္း","accName":"ကုန္သၫ္စာရင္း (ကုန္ေရာင္း)"},{"key":{"glCode":"00401000000096","compCode":"0010010"},"glDate":"Saturday, January 8, 2022 at 12:00:00 AM Myanmar Time","description":"Printing-Ko Thurain Kpay(29/12)","srcAccCode":"001-00034","accCode":"001-00464","curCode":"MMK","crAmt":20000.0,"deptCode":"001-0001","tranSource":"CB","deleted":false,"cash":false,"deptUsrCode":"H","srcAccName":"ေန့စဥ္ေငြစာရင္း","accName":"Princess Printing"},{"key":{"glCode":"00401000000097","compCode":"0010010"},"glDate":"Saturday, January 8, 2022 at 12:00:00 AM Myanmar Time","description":"Printing-Ko Jack Kpay(29/12)","srcAccCode":"001-00034","accCode":"001-00464","curCode":"MMK","crAmt":30000.0,"deptCode":"001-0001","tranSource":"CB","deleted":false,"cash":false,"deptUsrCode":"H","srcAccName":"ေန့စဥ္ေငြစာရင္း","accName":"Princess Printing"},{"key":{"glCode":"00401000000098","compCode":"0010010"},"glDate":"Saturday, January 8, 2022 at 12:00:00 AM Myanmar Time","description":"Printing-Ma Hnin Ei Phyu Kpay(30/12)","srcAccCode":"001-00034","accCode":"001-00464","curCode":"MMK","crAmt":1481450.0,"deptCode":"001-0001","tranSource":"CB","deleted":false,"cash":false,"deptUsrCode":"H","srcAccName":"ေန့စဥ္ေငြစာရင္း","accName":"Princess Printing"},{"key":{"glCode":"00401000000099","compCode":"0010010"},"glDate":"Saturday, January 8, 2022 at 12:00:00 AM Myanmar Time","description":"Printing-Ma Thidar-KTK  Kpay(6/1)","srcAccCode":"001-00034","accCode":"001-00464","curCode":"MMK","crAmt":16500.0,"deptCode":"001-0001","tranSource":"CB","deleted":false,"cash":false,"deptUsrCode":"H","srcAccName":"ေန့စဥ္ေငြစာရင္း","accName":"Princess Printing"},{"key":{"glCode":"00401000000100","compCode":"0010010"},"glDate":"Saturday, January 8, 2022 at 12:00:00 AM Myanmar Time","description":"ကားခ","srcAccCode":"001-00034","accCode":"001-00313","curCode":"MMK","crAmt":24000.0,"deptCode":"001-0001","tranSource":"CB","deleted":false,"cash":false,"deptUsrCode":"H","srcAccName":"ေန့စဥ္ေငြစာရင္း","accName":"Carry Cost"},{"key":{"glCode":"00401000000101","compCode":"0010010"},"glDate":"Saturday, January 8, 2022 at 12:00:00 AM Myanmar Time","description":"1P Oill-Ko Nyi","srcAccCode":"001-00034","accCode":"001-00505","curCode":"MMK","crAmt":20000.0,"deptCode":"001-0001","tranSource":"CB","deleted":false,"cash":false,"deptUsrCode":"H","srcAccName":"ေန့စဥ္ေငြစာရင္း","accName":"1P-3215 (petrol)"},{"key":{"glCode":"00401000000102","compCode":"0010010"},"glDate":"Saturday, January 8, 2022 at 12:00:00 AM Myanmar Time","description":"cash paid - refund","srcAccCode":"001-00034","accCode":"001-00038","curCode":"MMK","crAmt":163600.0,"deptCode":"001-0001","traderCode":"CUS00071-001","tranSource":"CB","deleted":false,"cash":false,"deptUsrCode":"H","traderName":"Zin May Oo","srcAccName":"ေန့စဥ္ေငြစာရင္း","accName":"ကုန္သၫ္စာရင္း (ကုန္ေရာင္း)"},{"key":{"glCode":"00401000000103","compCode":"0010010"},"glDate":"Saturday, January 8, 2022 at 12:00:00 AM Myanmar Time","description":"ကားခ","srcAccCode":"001-00034","accCode":"001-00313","curCode":"MMK","crAmt":30000.0,"deptCode":"001-0001","tranSource":"CB","deleted":false,"cash":false,"deptUsrCode":"H","srcAccName":"ေန့စဥ္ေငြစာရင္း","accName":"Carry Cost"},{"key":{"glCode":"00401000000104","compCode":"0010010"},"glDate":"Saturday, January 8, 2022 at 12:00:00 AM Myanmar Time","description":"Pre Salary","srcAccCode":"001-00034","accCode":"001-00048","curCode":"MMK","crAmt":100000.0,"reference":"ko nyi","deptCode":"001-0001","tranSource":"CB","deleted":false,"cash":false,"deptUsrCode":"H","srcAccName":"ေန့စဥ္ေငြစာရင္း","accName":"၀န္ထမ္းလစာ"},{"key":{"glCode":"00401000000105","compCode":"0010010"},"glDate":"Saturday, January 8, 2022 at 12:00:00 AM Myanmar Time","description":"Discount Allowed","srcAccCode":"001-00034","accCode":"001-00155","curCode":"MMK","crAmt":4780.0,"deptCode":"001-0001","tranSource":"CB","deleted":false,"cash":false,"deptUsrCode":"H","srcAccName":"ေန့စဥ္ေငြစာရင္း","accName":"Discount Allowed"},{"key":{"glCode":"00401000000106","compCode":"0010010"},"glDate":"Saturday, January 8, 2022 at 12:00:00 AM Myanmar Time","description":"ဘုရားပန္း","srcAccCode":"001-00034","accCode":"001-00051","curCode":"MMK","crAmt":1500.0,"deptCode":"001-0001","tranSource":"CB","deleted":false,"cash":false,"deptUsrCode":"H","srcAccName":"ေန့စဥ္ေငြစာရင္း","accName":"အလွဴေငြစရိတ္"},{"key":{"glCode":"00401000000107","compCode":"0010010"},"glDate":"Saturday, January 8, 2022 at 12:00:00 AM Myanmar Time","description":"car nge tem","srcAccCode":"001-00034","accCode":"001-00407","curCode":"MMK","crAmt":78800.0,"reference":"-","deptCode":"001-0001","tranSource":"CB","deleted":false,"cash":false,"deptUsrCode":"H","srcAccName":"ေန့စဥ္ေငြစာရင္း","accName":"car nge"},{"key":{"glCode":"00401000000108","compCode":"0010010"},"glDate":"Saturday, January 8, 2022 at 12:00:00 AM Myanmar Time","description":"Ma Thidar tem","srcAccCode":"001-00034","accCode":"001-00263","curCode":"MMK","crAmt":24000.0,"deptCode":"001-0001","tranSource":"CB","deleted":false,"cash":false,"deptUsrCode":"H","srcAccName":"ေန့စဥ္ေငြစာရင္း","accName":"ယာယီ ၀င္/ ထြက္"},{"key":{"glCode":"00401000000109","compCode":"0010010"},"glDate":"Saturday, January 8, 2022 at 12:00:00 AM Myanmar Time","description":"C 5","srcAccCode":"001-00034","accCode":"001-00509","curCode":"MMK","crAmt":9.0E7,"deptCode":"001-0001","tranSource":"CB","deleted":false,"cash":false,"deptUsrCode":"H","srcAccName":"ေန့စဥ္ေငြစာရင္း","accName":"Cash (C5)"},{"key":{"glCode":"00401000000110","compCode":"0010010"},"glDate":"Saturday, January 8, 2022 at 12:00:00 AM Myanmar Time","description":"to petty cash","srcAccCode":"001-00036","accCode":"001-00034","curCode":"MMK","crAmt":4450.0,"deptCode":"001-0001","tranSource":"CB","deleted":false,"cash":false,"deptUsrCode":"H","srcAccName":"ေန့စဥ္ေငြစာရင္း","accName":"အေသးသံုးေငြစာရင္း"},{"key":{"glCode":"098012022000003559","compCode":"0010010"},"glDate":"Saturday, January 8, 2022 at 12:00:00 AM Myanmar Time","description":"Return In Voucher Paid","srcAccCode":"001-00034","accCode":"001-00038","curCode":"MMK","crAmt":342930.0,"reference":"r00205/Ma Htet Htet","deptCode":"001-0001","traderCode":"CUS00498-001","tranSource":"RETURN_IN","refNo":"0100011-012022","deleted":false,"cash":false,"deptUsrCode":"H","traderName":"Cash Down","srcAccName":"ေန့စဥ္ေငြစာရင္း","accName":"ကုန္သၫ္စာရင္း (ကုန္ေရာင္း)"},{"key":{"glCode":"098012022000002531","compCode":"0010010"},"glDate":"Saturday, January 8, 2022 at 12:00:00 AM Myanmar Time","description":"Sale Voucher Paid","srcAccCode":"001-00034","accCode":"001-00038","curCode":"MMK","drAmt":229280.0,"reference":"17898/48728","deptCode":"001-0001","traderCode":"CUS00319-001","tranSource":"SALE","refNo":"0100306-012022","deleted":false,"cash":false,"deptUsrCode":"H","traderName":"Thant Zin","srcAccName":"ေန့စဥ္ေငြစာရင္း","accName":"ကုန္သၫ္စာရင္း (ကုန္ေရာင္း)"},{"key":{"glCode":"098012022000002583","compCode":"0010010"},"glDate":"Saturday, January 8, 2022 at 12:00:00 AM Myanmar Time","description":"Sale Voucher Paid","srcAccCode":"001-00034","accCode":"001-00038","curCode":"MMK","drAmt":3000000.0,"reference":"17932/48746","deptCode":"001-0001","traderCode":"CUS00015-001","tranSource":"SALE","refNo":"0100339-012022","deleted":false,"cash":false,"deptUsrCode":"H","traderName":"Daw Yin","srcAccName":"ေန့စဥ္ေငြစာရင္း","accName":"ကုန္သၫ္စာရင္း (ကုန္ေရာင္း)"},{"key":{"glCode":"098012022000003254","compCode":"0010010"},"glDate":"Saturday, January 8, 2022 at 12:00:00 AM Myanmar Time","description":"Sale Voucher Paid","srcAccCode":"001-00034","accCode":"001-00038","curCode":"MMK","drAmt":129000.0,"reference":"ttd773","deptCode":"001-0001","traderCode":"CUS00498-001","tranSource":"SALE","refNo":"0300014-012022","deleted":false,"cash":false,"deptUsrCode":"H","traderName":"Cash Down","srcAccName":"ေန့စဥ္ေငြစာရင္း","accName":"ကုန္သၫ္စာရင္း (ကုန္ေရာင္း)"},{"key":{"glCode":"098012022000003261","compCode":"0010010"},"glDate":"Saturday, January 8, 2022 at 12:00:00 AM Myanmar Time","description":"Sale Voucher Paid","srcAccCode":"001-00034","accCode":"001-00038","curCode":"MMK","drAmt":1900.0,"reference":"ttd768","deptCode":"001-0001","traderCode":"CUS00498-001","tranSource":"SALE","refNo":"0300010-012022","deleted":false,"cash":false,"deptUsrCode":"H","traderName":"Cash Down","srcAccName":"ေန့စဥ္ေငြစာရင္း","accName":"ကုန္သၫ္စာရင္း (ကုန္ေရာင္း)"},{"key":{"glCode":"098012022000003265","compCode":"0010010"},"glDate":"Saturday, January 8, 2022 at 12:00:00 AM Myanmar Time","description":"Sale Voucher Paid","srcAccCode":"001-00034","accCode":"001-00038","curCode":"MMK","drAmt":20100.0,"reference":"ttd766","deptCode":"001-0001","traderCode":"CUS00498-001","tranSource":"SALE","refNo":"0300008-012022","deleted":false,"cash":false,"deptUsrCode":"H","traderName":"Cash Down","srcAccName":"ေန့စဥ္ေငြစာရင္း","accName":"ကုန္သၫ္စာရင္း (ကုန္ေရာင္း)"},{"key":{"glCode":"098012022000003267","compCode":"0010010"},"glDate":"Saturday, January 8, 2022 at 12:00:00 AM Myanmar Time","description":"Sale Voucher Paid","srcAccCode":"001-00034","accCode":"001-00038","curCode":"MMK","drAmt":18000.0,"reference":"ttd765-Ko Ye","deptCode":"001-0001","traderCode":"CUS00498-001","tranSource":"SALE","refNo":"0300007-012022","deleted":false,"cash":false,"deptUsrCode":"H","traderName":"Cash Down","srcAccName":"ေန့စဥ္ေငြစာရင္း","accName":"ကုန္သၫ္စာရင္း (ကုန္ေရာင္း)"},{"key":{"glCode":"098012022000003269","compCode":"0010010"},"glDate":"Saturday, January 8, 2022 at 12:00:00 AM Myanmar Time","description":"Sale Voucher Paid","srcAccCode":"001-00034","accCode":"001-00038","curCode":"MMK","drAmt":4500.0,"reference":"ttd764","deptCode":"001-0001","traderCode":"CUS00498-001","tranSource":"SALE","refNo":"0300006-012022","deleted":false,"cash":false,"deptUsrCode":"H","traderName":"Cash Down","srcAccName":"ေန့စဥ္ေငြစာရင္း","accName":"ကုန္သၫ္စာရင္း (ကုန္ေရာင္း)"},{"key":{"glCode":"098012022000003271","compCode":"0010010"},"glDate":"Saturday, January 8, 2022 at 12:00:00 AM Myanmar Time","description":"Sale Voucher Paid","srcAccCode":"001-00034","accCode":"001-00038","curCode":"MMK","drAmt":54000.0,"reference":"ttd763","deptCode":"001-0001","traderCode":"CUS00498-001","tranSource":"SALE","refNo":"0300005-012022","deleted":false,"cash":false,"deptUsrCode":"H","traderName":"Cash Down","srcAccName":"ေန့စဥ္ေငြစာရင္း","accName":"ကုန္သၫ္စာရင္း (ကုန္ေရာင္း)"},{"key":{"glCode":"098012022000003273","compCode":"0010010"},"glDate":"Saturday, January 8, 2022 at 12:00:00 AM Myanmar Time","description":"Sale Voucher Paid","srcAccCode":"001-00034","accCode":"001-00038","curCode":"MMK","drAmt":6000.0,"reference":"ttd762","deptCode":"001-0001","traderCode":"CUS00498-001","tranSource":"SALE","refNo":"0300004-012022","deleted":false,"cash":false,"deptUsrCode":"H","traderName":"Cash Down","srcAccName":"ေန့စဥ္ေငြစာရင္း","accName":"ကုန္သၫ္စာရင္း (ကုန္ေရာင္း)"},{"key":{"glCode":"098012022000003277","compCode":"0010010"},"glDate":"Saturday, January 8, 2022 at 12:00:00 AM Myanmar Time","description":"Sale Voucher Paid","srcAccCode":"001-00034","accCode":"001-00038","curCode":"MMK","drAmt":6400.0,"reference":"ttd761","deptCode":"001-0001","traderCode":"CUS00498-001","tranSource":"SALE","refNo":"0300003-012022","deleted":false,"cash":false,"deptUsrCode":"H","traderName":"Cash Down","srcAccName":"ေန့စဥ္ေငြစာရင္း","accName":"ကုန္သၫ္စာရင္း (ကုန္ေရာင္း)"},{"key":{"glCode":"098012022000003279","compCode":"0010010"},"glDate":"Saturday, January 8, 2022 at 12:00:00 AM Myanmar Time","description":"Sale Voucher Paid","srcAccCode":"001-00034","accCode":"001-00038","curCode":"MMK","drAmt":1900.0,"reference":"ttd760","deptCode":"001-0001","traderCode":"CUS00498-001","tranSource":"SALE","refNo":"0300002-012022","deleted":false,"cash":false,"deptUsrCode":"H","traderName":"Cash Down","srcAccName":"ေန့စဥ္ေငြစာရင္း","accName":"ကုန္သၫ္စာရင္း (ကုန္ေရာင္း)"},{"key":{"glCode":"098012022000003281","compCode":"0010010"},"glDate":"Saturday, January 8, 2022 at 12:00:00 AM Myanmar Time","description":"Sale Voucher Paid","srcAccCode":"001-00034","accCode":"001-00038","curCode":"MMK","drAmt":21800.0,"reference":"ttd759","deptCode":"001-0001","traderCode":"CUS00498-001","tranSource":"SALE","refNo":"0300001-012022","deleted":false,"cash":false,"deptUsrCode":"H","traderName":"Cash Down","srcAccName":"ေန့စဥ္ေငြစာရင္း","accName":"ကုန္သၫ္စာရင္း (ကုန္ေရာင္း)"},{"key":{"glCode":"098032022000002734","compCode":"0010010"},"glDate":"Saturday, January 8, 2022 at 12:00:00 AM Myanmar Time","description":"Sale Voucher Paid","srcAccCode":"001-00034","accCode":"001-00038","curCode":"MMK","drAmt":241530.0,"reference":"17864/small","deptCode":"001-0001","traderCode":"CUS00068-001","tranSource":"SALE","refNo":"0100272-012022","deleted":false,"cash":false,"deptUsrCode":"H","traderName":"Yadanar","srcAccName":"ေန့စဥ္ေငြစာရင္း","accName":"ကုန္သၫ္စာရင္း (ကုန္ေရာင္း)"},{"key":{"glCode":"098032022000002738","compCode":"0010010"},"glDate":"Saturday, January 8, 2022 at 12:00:00 AM Myanmar Time","description":"Sale Voucher Paid","srcAccCode":"001-00034","accCode":"001-00038","curCode":"MMK","drAmt":596970.0,"reference":"17869/48715","deptCode":"001-0001","traderCode":"CUS00059-001","tranSource":"SALE","refNo":"0100277-012022","deleted":false,"cash":false,"deptUsrCode":"H","traderName":"Thiri Garment","srcAccName":"ေန့စဥ္ေငြစာရင္း","accName":"ကုန္သၫ္စာရင္း (ကုန္ေရာင္း)"},{"key":{"glCode":"098032022000002741","compCode":"0010010"},"glDate":"Saturday, January 8, 2022 at 12:00:00 AM Myanmar Time","description":"Sale Voucher Paid","srcAccCode":"001-00034","accCode":"001-00038","curCode":"MMK","drAmt":18150.0,"reference":"17870/small","deptCode":"001-0001","traderCode":"CUS00310-001","tranSource":"SALE","refNo":"0100278-012022","deleted":false,"cash":false,"deptUsrCode":"H","traderName":"Kyal","srcAccName":"ေန့စဥ္ေငြစာရင္း","accName":"ကုန္သၫ္စာရင္း (ကုန္ေရာင္း)"},{"key":{"glCode":"098032022000002746","compCode":"0010010"},"glDate":"Saturday, January 8, 2022 at 12:00:00 AM Myanmar Time","description":"Sale Voucher Paid","srcAccCode":"001-00034","accCode":"001-00038","curCode":"MMK","drAmt":43610.0,"reference":"17871/small","deptCode":"001-0001","traderCode":"CUS00018-001","tranSource":"SALE","refNo":"0100279-012022","deleted":false,"cash":false,"deptUsrCode":"H","traderName":"Ko Oo","srcAccName":"ေန့စဥ္ေငြစာရင္း","accName":"ကုန္သၫ္စာရင္း (ကုန္ေရာင္း)"},{"key":{"glCode":"098032022000002752","compCode":"0010010"},"glDate":"Saturday, January 8, 2022 at 12:00:00 AM Myanmar Time","description":"Sale Voucher Paid","srcAccCode":"001-00034","accCode":"001-00038","curCode":"MMK","drAmt":2944120.0,"reference":"17872/48717","deptCode":"001-0001","traderCode":"CUS00503-001","tranSource":"SALE","refNo":"0100280-012022","deleted":false,"cash":false,"deptUsrCode":"H","traderName":"Htet Htet-Ma(Innsein)","srcAccName":"ေန့စဥ္ေငြစာရင္း","accName":"ကုန္သၫ္စာရင္း (ကုန္ေရာင္း)"},{"key":{"glCode":"098032022000002757","compCode":"0010010"},"glDate":"Saturday, January 8, 2022 at 12:00:00 AM Myanmar Time","description":"Sale Voucher Paid","srcAccCode":"001-00034","accCode":"001-00038","curCode":"MMK","drAmt":159740.0,"reference":"17874/small","deptCode":"001-0001","traderCode":"CUS00080-001","tranSource":"SALE","refNo":"0100282-012022","deleted":false,"cash":false,"deptUsrCode":"H","traderName":"MN","srcAccName":"ေန့စဥ္ေငြစာရင္း","accName":"ကုန္သၫ္စာရင္း (ကုန္ေရာင္း)"},{"key":{"glCode":"098032022000002764","compCode":"0010010"},"glDate":"Saturday, January 8, 2022 at 12:00:00 AM Myanmar Time","description":"Sale Voucher Paid","srcAccCode":"001-00034","accCode":"001-00038","curCode":"MMK","drAmt":21860.0,"reference":"17878/small","deptCode":"001-0001","traderCode":"CUS00017-001","tranSource":"SALE","refNo":"0100286-012022","deleted":false,"cash":false,"deptUsrCode":"H","traderName":"Hnin Thet Mon","srcAccName":"ေန့စဥ္ေငြစာရင္း","accName":"ကုန္သၫ္စာရင္း (ကုန္ေရာင္း)"},{"key":{"glCode":"098032022000002768","compCode":"0010010"},"glDate":"Saturday, January 8, 2022 at 12:00:00 AM Myanmar Time","description":"Sale Voucher Paid","srcAccCode":"001-00034","accCode":"001-00038","curCode":"MMK","drAmt":105350.0,"reference":"17879/small","deptCode":"001-0001","traderCode":"CUS00054-001","tranSource":"SALE","refNo":"0100287-012022","deleted":false,"cash":false,"deptUsrCode":"H","traderName":"Top Line","srcAccName":"ေန့စဥ္ေငြစာရင္း","accName":"ကုန္သၫ္စာရင္း (ကုန္ေရာင္း)"},{"key":{"glCode":"098032022000002773","compCode":"0010010"},"glDate":"Saturday, January 8, 2022 at 12:00:00 AM Myanmar Time","description":"Sale Voucher Paid","srcAccCode":"001-00034","accCode":"001-00038","curCode":"MMK","drAmt":916320.0,"reference":"17887/48724","deptCode":"001-0001","traderCode":"CUS00322-001","tranSource":"SALE","refNo":"0100295-012022","deleted":false,"cash":false,"deptUsrCode":"H","traderName":"Nyein Chan-(v sign mm)","srcAccName":"ေန့စဥ္ေငြစာရင္း","accName":"ကုန္သၫ္စာရင္း (ကုန္ေရာင္း)"},{"key":{"glCode":"098032022000002775","compCode":"0010010"},"glDate":"Saturday, January 8, 2022 at 12:00:00 AM Myanmar Time","description":"Sale Voucher Paid","srcAccCode":"001-00034","accCode":"001-00038","curCode":"MMK","drAmt":8280.0,"reference":"17888/small","deptCode":"001-0001","traderCode":"CUS00311-001","tranSource":"SALE","refNo":"0100296-012022","deleted":false,"cash":false,"deptUsrCode":"H","traderName":"Tin Tin Mar-ma","srcAccName":"ေန့စဥ္ေငြစာရင္း","accName":"ကုန္သၫ္စာရင္း (ကုန္ေရာင္း)"},{"key":{"glCode":"098032022000002777","compCode":"0010010"},"glDate":"Saturday, January 8, 2022 at 12:00:00 AM Myanmar Time","description":"Sale Voucher Paid","srcAccCode":"001-00034","accCode":"001-00038","curCode":"MMK","drAmt":9350.0,"reference":"17890/small","deptCode":"001-0001","traderCode":"CUS00322-001","tranSource":"SALE","refNo":"0100298-012022","deleted":false,"cash":false,"deptUsrCode":"H","traderName":"Nyein Chan-(v sign mm)","srcAccName":"ေန့စဥ္ေငြစာရင္း","accName":"ကုန္သၫ္စာရင္း (ကုန္ေရာင္း)"},{"key":{"glCode":"098032022000002779","compCode":"0010010"},"glDate":"Saturday, January 8, 2022 at 12:00:00 AM Myanmar Time","description":"Sale Voucher Paid","srcAccCode":"001-00034","accCode":"001-00038","curCode":"MMK","drAmt":11625.0,"reference":"17891/small","deptCode":"001-0001","traderCode":"CUS00087-001","tranSource":"SALE","refNo":"0100299-012022","deleted":false,"cash":false,"deptUsrCode":"H","traderName":"ma ei ( YT )","srcAccName":"ေန့စဥ္ေငြစာရင္း","accName":"ကုန္သၫ္စာရင္း (ကုန္ေရာင္း)"},{"key":{"glCode":"098032022000002781","compCode":"0010010"},"glDate":"Saturday, January 8, 2022 at 12:00:00 AM Myanmar Time","description":"Sale Voucher Paid","srcAccCode":"001-00034","accCode":"001-00038","curCode":"MMK","drAmt":54600.0,"reference":"17896/small","deptCode":"001-0001","traderCode":"CUS00103-001","tranSource":"SALE","refNo":"0100304-012022","deleted":false,"cash":false,"deptUsrCode":"H","traderName":"Best Maker","srcAccName":"ေန့စဥ္ေငြစာရင္း","accName":"ကုန္သၫ္စာရင္း (ကုန္ေရာင္း)"},{"key":{"glCode":"098032022000002783","compCode":"0010010"},"glDate":"Saturday, January 8, 2022 at 12:00:00 AM Myanmar Time","description":"Sale Voucher Paid","srcAccCode":"001-00034","accCode":"001-00038","curCode":"MMK","drAmt":282680.0,"reference":"17897/48729","deptCode":"001-0001","traderCode":"CUS00115-001","tranSource":"SALE","refNo":"0100305-012022","deleted":false,"cash":false,"deptUsrCode":"H","traderName":"Ei Mon-Ma(mayankone)","srcAccName":"ေန့စဥ္ေငြစာရင္း","accName":"ကုန္သၫ္စာရင္း (ကုန္ေရာင္း)"},{"key":{"glCode":"098032022000002785","compCode":"0010010"},"glDate":"Saturday, January 8, 2022 at 12:00:00 AM Myanmar Time","description":"Sale Voucher Paid","srcAccCode":"001-00034","accCode":"001-00038","curCode":"MMK","drAmt":8925.0,"reference":"17899/small","deptCode":"001-0001","traderCode":"CUS00071-001","tranSource":"SALE","refNo":"0100307-012022","deleted":false,"cash":false,"deptUsrCode":"H","traderName":"Zin May Oo","srcAccName":"ေန့စဥ္ေငြစာရင္း","accName":"ကုန္သၫ္စာရင္း (ကုန္ေရာင္း)"},{"key":{"glCode":"098032022000002787","compCode":"0010010"},"glDate":"Saturday, January 8, 2022 at 12:00:00 AM Myanmar Time","description":"Sale Voucher Paid","srcAccCode":"001-00034","accCode":"001-00038","curCode":"MMK","drAmt":680.0,"reference":"17900/small","deptCode":"001-0001","traderCode":"CUS00416-001","tranSource":"SALE","refNo":"0100308-012022","deleted":false,"cash":false,"deptUsrCode":"H","traderName":"Hlaing Ko Ko","srcAccName":"ေန့စဥ္ေငြစာရင္း","accName":"ကုန္သၫ္စာရင္း (ကုန္ေရာင္း)"},{"key":{"glCode":"098032022000002789","compCode":"0010010"},"glDate":"Saturday, January 8, 2022 at 12:00:00 AM Myanmar Time","description":"Sale Voucher Paid","srcAccCode":"001-00034","accCode":"001-00038","curCode":"MMK","drAmt":680.0,"reference":"17903/small","deptCode":"001-0001","traderCode":"CUS00416-001","tranSource":"SALE","refNo":"0100311-012022","deleted":false,"cash":false,"deptUsrCode":"H","traderName":"Hlaing Ko Ko","srcAccName":"ေန့စဥ္ေငြစာရင္း","accName":"ကုန္သၫ္စာရင္း (ကုန္ေရာင္း)"},{"key":{"glCode":"098032022000002795","compCode":"0010010"},"glDate":"Saturday, January 8, 2022 at 12:00:00 AM Myanmar Time","description":"Sale Voucher Paid","srcAccCode":"001-00034","accCode":"001-00038","curCode":"MMK","drAmt":599165.0,"reference":"17908/48735-Jenna","deptCode":"001-0001","traderCode":"CUS00498-001","tranSource":"SALE","refNo":"0100316-012022","deleted":false,"cash":false,"deptUsrCode":"H","traderName":"Cash Down","srcAccName":"ေန့စဥ္ေငြစာရင္း","accName":"ကုန္သၫ္စာရင္း (ကုန္ေရာင္း)"},{"key":{"glCode":"098032022000002797","compCode":"0010010"},"glDate":"Saturday, January 8, 2022 at 12:00:00 AM Myanmar Time","description":"Sale Voucher Paid","srcAccCode":"001-00034","accCode":"001-00038","curCode":"MMK","drAmt":570890.0,"reference":"17909/48736-Jenna","deptCode":"001-0001","traderCode":"CUS00498-001","tranSource":"SALE","refNo":"0100317-012022","deleted":false,"cash":false,"deptUsrCode":"H","traderName":"Cash Down","srcAccName":"ေန့စဥ္ေငြစာရင္း","accName":"ကုန္သၫ္စာရင္း (ကုန္ေရာင္း)"},{"key":{"glCode":"098032022000002801","compCode":"0010010"},"glDate":"Saturday, January 8, 2022 at 12:00:00 AM Myanmar Time","description":"Sale Voucher Paid","srcAccCode":"001-00034","accCode":"001-00038","curCode":"MMK","drAmt":8500.0,"reference":"17905/small-Ko Thein Aung","deptCode":"001-0001","traderCode":"CUS00498-001","tranSource":"SALE","refNo":"0100313-012022","deleted":false,"cash":false,"deptUsrCode":"H","traderName":"Cash Down","srcAccName":"ေန့စဥ္ေငြစာရင္း","accName":"ကုန္သၫ္စာရင္း (ကုန္ေရာင္း)"},{"key":{"glCode":"098032022000002803","compCode":"0010010"},"glDate":"Saturday, January 8, 2022 at 12:00:00 AM Myanmar Time","description":"Sale Voucher Paid","srcAccCode":"001-00034","accCode":"001-00038","curCode":"MMK","drAmt":133665.0,"reference":"17895/small-Ma Nilar","deptCode":"001-0001","traderCode":"CUS00498-001","tranSource":"SALE","refNo":"0100303-012022","deleted":false,"cash":false,"deptUsrCode":"H","traderName":"Cash Down","srcAccName":"ေန့စဥ္ေငြစာရင္း","accName":"ကုန္သၫ္စာရင္း (ကုန္ေရာင္း)"},{"key":{"glCode":"098032022000002805","compCode":"0010010"},"glDate":"Saturday, January 8, 2022 at 12:00:00 AM Myanmar Time","description":"Sale Voucher Paid","srcAccCode":"001-00034","accCode":"001-00038","curCode":"MMK","drAmt":9350.0,"reference":"17893/small-Ma Lut Latt","deptCode":"001-0001","traderCode":"CUS00498-001","tranSource":"SALE","refNo":"0100301-012022","deleted":false,"cash":false,"deptUsrCode":"H","traderName":"Cash Down","srcAccName":"ေန့စဥ္ေငြစာရင္း","accName":"ကုန္သၫ္စာရင္း (ကုန္ေရာင္း)"},{"key":{"glCode":"098032022000002807","compCode":"0010010"},"glDate":"Saturday, January 8, 2022 at 12:00:00 AM Myanmar Time","description":"Sale Voucher Paid","srcAccCode":"001-00034","accCode":"001-00038","curCode":"MMK","drAmt":123840.0,"reference":"17889/small-Forever","deptCode":"001-0001","traderCode":"CUS00498-001","tranSource":"SALE","refNo":"0100297-012022","deleted":false,"cash":false,"deptUsrCode":"H","traderName":"Cash Down","srcAccName":"ေန့စဥ္ေငြစာရင္း","accName":"ကုန္သၫ္စာရင္း (ကုန္ေရာင္း)"},{"key":{"glCode":"098032022000002810","compCode":"0010010"},"glDate":"Saturday, January 8, 2022 at 12:00:00 AM Myanmar Time","description":"Sale Voucher Paid","srcAccCode":"001-00034","accCode":"001-00038","curCode":"MMK","drAmt":1106760.0,"reference":"17876/48720-KoMyo-Tarmwe","deptCode":"001-0001","traderCode":"CUS00498-001","tranSource":"SALE","refNo":"0100284-012022","deleted":false,"cash":false,"deptUsrCode":"H","traderName":"Cash Down","srcAccName":"ေန့စဥ္ေငြစာရင္း","accName":"ကုန္သၫ္စာရင္း (ကုန္ေရာင္း)"},{"key":{"glCode":"098032022000002814","compCode":"0010010"},"glDate":"Saturday, January 8, 2022 at 12:00:00 AM Myanmar Time","description":"Sale Voucher Paid","srcAccCode":"001-00034","accCode":"001-00038","curCode":"MMK","drAmt":153180.0,"reference":"17910/48737","deptCode":"001-0001","traderCode":"CUS00180-001","tranSource":"SALE","refNo":"0100318-012022","deleted":false,"cash":false,"deptUsrCode":"H","traderName":"Thidar - ko ag moe","srcAccName":"ေန့စဥ္ေငြစာရင္း","accName":"ကုန္သၫ္စာရင္း (ကုန္ေရာင္း)"},{"key":{"glCode":"098032022000002816","compCode":"0010010"},"glDate":"Saturday, January 8, 2022 at 12:00:00 AM Myanmar Time","description":"Sale Voucher Paid","srcAccCode":"001-00034","accCode":"001-00038","curCode":"MMK","drAmt":8500.0,"reference":"17911/small","deptCode":"001-0001","traderCode":"CUS00394-001","tranSource":"SALE","refNo":"0100319-012022","deleted":false,"cash":false,"deptUsrCode":"H","traderName":"Ko Naing/Ma Theint","srcAccName":"ေန့စဥ္ေငြစာရင္း","accName":"ကုန္သၫ္စာရင္း (ကုန္ေရာင္း)"},{"key":{"glCode":"098032022000002818","compCode":"0010010"},"glDate":"Saturday, January 8, 2022 at 12:00:00 AM Myanmar Time","description":"Sale Voucher Paid","srcAccCode":"001-00034","accCode":"001-00038","curCode":"MMK","drAmt":133100.0,"reference":"17913/small","deptCode":"001-0001","traderCode":"CUS00054-001","tranSource":"SALE","refNo":"0100321-012022","deleted":false,"cash":false,"deptUsrCode":"H","traderName":"Top Line","srcAccName":"ေန့စဥ္ေငြစာရင္း","accName":"ကုန္သၫ္စာရင္း (ကုန္ေရာင္း)"},{"key":{"glCode":"098032022000002820","compCode":"0010010"},"glDate":"Saturday, January 8, 2022 at 12:00:00 AM Myanmar Time","description":"Sale Voucher Paid","srcAccCode":"001-00034","accCode":"001-00038","curCode":"MMK","drAmt":4575.0,"reference":"17914/small-Ma Nge Lay","deptCode":"001-0001","traderCode":"CUS00498-001","tranSource":"SALE","refNo":"0100322-012022","deleted":false,"cash":false,"deptUsrCode":"H","traderName":"Cash Down","srcAccName":"ေန့စဥ္ေငြစာရင္း","accName":"ကုန္သၫ္စာရင္း (ကုန္ေရာင္း)"},{"key":{"glCode":"098032022000002822","compCode":"0010010"},"glDate":"Saturday, January 8, 2022 at 12:00:00 AM Myanmar Time","description":"Sale Voucher Paid","srcAccCode":"001-00034","accCode":"001-00038","curCode":"MMK","drAmt":28440.0,"reference":"17916/small","deptCode":"001-0001","traderCode":"CUS00180-001","tranSource":"SALE","refNo":"0100324-012022","deleted":false,"cash":false,"deptUsrCode":"H","traderName":"Thidar - ko ag moe","srcAccName":"ေန့စဥ္ေငြစာရင္း","accName":"ကုန္သၫ္စာရင္း (ကုန္ေရာင္း)"},{"key":{"glCode":"098032022000002825","compCode":"0010010"},"glDate":"Saturday, January 8, 2022 at 12:00:00 AM Myanmar Time","description":"Sale Voucher Paid","srcAccCode":"001-00034","accCode":"001-00038","curCode":"MMK","drAmt":331200.0,"reference":"17922/48742","deptCode":"001-0001","traderCode":"CUS00011-001","tranSource":"SALE","refNo":"0100329-012022","deleted":false,"cash":false,"deptUsrCode":"H","traderName":"Arr Pyint","srcAccName":"ေန့စဥ္ေငြစာရင္း","accName":"ကုန္သၫ္စာရင္း (ကုန္ေရာင္း)"},{"key":{"glCode":"098032022000002827","compCode":"0010010"},"glDate":"Saturday, January 8, 2022 at 12:00:00 AM Myanmar Time","description":"Sale Voucher Paid","srcAccCode":"001-00034","accCode":"001-00038","curCode":"MMK","drAmt":230850.0,"reference":"17923/48730-ko myat tun","deptCode":"001-0001","traderCode":"CUS00498-001","tranSource":"SALE","refNo":"0100330-012022","deleted":false,"cash":false,"deptUsrCode":"H","traderName":"Cash Down","srcAccName":"ေန့စဥ္ေငြစာရင္း","accName":"ကုန္သၫ္စာရင္း (ကုန္ေရာင္း)"},{"key":{"glCode":"098032022000002829","compCode":"0010010"},"glDate":"Saturday, January 8, 2022 at 12:00:00 AM Myanmar Time","description":"Sale Voucher Paid","srcAccCode":"001-00034","accCode":"001-00038","curCode":"MMK","drAmt":126420.0,"reference":"17924/small-ko aung moe sein","deptCode":"001-0001","traderCode":"CUS00498-001","tranSource":"SALE","refNo":"0100331-012022","deleted":false,"cash":false,"deptUsrCode":"H","traderName":"Cash Down","srcAccName":"ေန့စဥ္ေငြစာရင္း","accName":"ကုန္သၫ္စာရင္း (ကုန္ေရာင္း)"},{"key":{"glCode":"098032022000002831","compCode":"0010010"},"glDate":"Saturday, January 8, 2022 at 12:00:00 AM Myanmar Time","description":"Sale Voucher Paid","srcAccCode":"001-00034","accCode":"001-00038","curCode":"MMK","drAmt":256020.0,"reference":"17926/48744","deptCode":"001-0001","traderCode":"CUS00502-001","tranSource":"SALE","refNo":"0100333-012022","deleted":false,"cash":false,"deptUsrCode":"H","traderName":"NP","srcAccName":"ေန့စဥ္ေငြစာရင္း","accName":"ကုန္သၫ္စာရင္း (ကုန္ေရာင္း)"},{"key":{"glCode":"098032022000002833","compCode":"0010010"},"glDate":"Saturday, January 8, 2022 at 12:00:00 AM Myanmar Time","description":"Sale Voucher Paid","srcAccCode":"001-00034","accCode":"001-00038","curCode":"MMK","drAmt":11550.0,"reference":"17928/small","deptCode":"001-0001","traderCode":"CUS00522-001","tranSource":"SALE","refNo":"0100335-012022","deleted":false,"cash":false,"deptUsrCode":"H","traderName":"Kyaw Min Ag-Ko","srcAccName":"ေန့စဥ္ေငြစာရင္း","accName":"ကုန္သၫ္စာရင္း (ကုန္ေရာင္း)"},{"key":{"glCode":"098032022000002835","compCode":"0010010"},"glDate":"Saturday, January 8, 2022 at 12:00:00 AM Myanmar Time","description":"Sale Voucher Paid","srcAccCode":"001-00034","accCode":"001-00038","curCode":"MMK","drAmt":99000.0,"reference":"17935/Small","deptCode":"001-0001","traderCode":"CUS00135-001","tranSource":"SALE","refNo":"0100341-012022","deleted":false,"cash":false,"deptUsrCode":"H","traderName":"Thar Zaw-Ko","srcAccName":"ေန့စဥ္ေငြစာရင္း","accName":"ကုန္သၫ္စာရင္း (ကုန္ေရာင္း)"},{"key":{"glCode":"098032022000002840","compCode":"0010010"},"glDate":"Saturday, January 8, 2022 at 12:00:00 AM Myanmar Time","description":"Sale Voucher Paid","srcAccCode":"001-00034","accCode":"001-00038","curCode":"MMK","drAmt":225890.0,"reference":"17937/Small-Htan Htan","deptCode":"001-0001","traderCode":"CUS00498-001","tranSource":"SALE","refNo":"0100342-012022","deleted":false,"cash":false,"deptUsrCode":"H","traderName":"Cash Down","srcAccName":"ေန့စဥ္ေငြစာရင္း","accName":"ကုန္သၫ္စာရင္း (ကုန္ေရာင္း)"},{"key":{"glCode":"098032022000002844","compCode":"0010010"},"glDate":"Saturday, January 8, 2022 at 12:00:00 AM Myanmar Time","description":"Sale Voucher Paid","srcAccCode":"001-00034","accCode":"001-00038","curCode":"MMK","drAmt":22500.0,"reference":"ttd767","deptCode":"001-0001","traderCode":"CUS00044-001","tranSource":"SALE","refNo":"0300009-012022","deleted":false,"cash":false,"deptUsrCode":"H","traderName":"MG","srcAccName":"ေန့စဥ္ေငြစာရင္း","accName":"ကုန္သၫ္စာရင္း (ကုန္ေရာင္း)"},{"key":{"glCode":"098032022000002850","compCode":"0010010"},"glDate":"Saturday, January 8, 2022 at 12:00:00 AM Myanmar Time","description":"Sale Voucher Paid","srcAccCode":"001-00034","accCode":"001-00038","curCode":"MMK","drAmt":28500.0,"reference":"ttd769","deptCode":"001-0001","traderCode":"CUS00059-001","tranSource":"SALE","refNo":"0300011-012022","deleted":false,"cash":false,"deptUsrCode":"H","traderName":"Thiri Garment","srcAccName":"ေန့စဥ္ေငြစာရင္း","accName":"ကုန္သၫ္စာရင္း (ကုန္ေရာင္း)"},{"key":{"glCode":"098032022000002852","compCode":"0010010"},"glDate":"Saturday, January 8, 2022 at 12:00:00 AM Myanmar Time","description":"Sale Voucher Paid","srcAccCode":"001-00034","accCode":"001-00038","curCode":"MMK","drAmt":24000.0,"reference":"ttd772","deptCode":"001-0001","traderCode":"CUS00151-001","tranSource":"SALE","refNo":"0300013-012022","deleted":false,"cash":false,"deptUsrCode":"H","traderName":"Zaw min-(mdy)","srcAccName":"ေန့စဥ္ေငြစာရင္း","accName":"ကုန္သၫ္စာရင္း (ကုန္ေရာင္း)"},{"key":{"glCode":"098032022000002854","compCode":"0010010"},"glDate":"Saturday, January 8, 2022 at 12:00:00 AM Myanmar Time","description":"Sale Voucher Paid","srcAccCode":"001-00034","accCode":"001-00038","curCode":"MMK","drAmt":6000.0,"reference":"ttd776","deptCode":"001-0001","traderCode":"CUS00062-001","tranSource":"SALE","refNo":"0300016-012022","deleted":false,"cash":false,"deptUsrCode":"H","traderName":"U Kyaw","srcAccName":"ေန့စဥ္ေငြစာရင္း","accName":"ကုန္သၫ္စာရင္း (ကုန္ေရာင္း)"},{"key":{"glCode":"098032022000002856","compCode":"0010010"},"glDate":"Saturday, January 8, 2022 at 12:00:00 AM Myanmar Time","description":"Sale Voucher Paid","srcAccCode":"001-00034","accCode":"001-00038","curCode":"MMK","drAmt":219000.0,"reference":"ttd778","deptCode":"001-0001","traderCode":"CUS00011-001","tranSource":"SALE","refNo":"0300018-012022","deleted":false,"cash":false,"deptUsrCode":"H","traderName":"Arr Pyint","srcAccName":"ေန့စဥ္ေငြစာရင္း","accName":"ကုန္သၫ္စာရင္း (ကုန္ေရာင္း)"},{"key":{"glCode":"098032022000004841","compCode":"0010010"},"glDate":"Saturday, January 8, 2022 at 12:00:00 AM Myanmar Time","description":"Sale Voucher Paid","srcAccCode":"001-00034","accCode":"001-00038","curCode":"MMK","drAmt":8280.0,"reference":"17940/Small","deptCode":"001-0001","traderCode":"CUS00062-001","tranSource":"SALE","refNo":"0100343-012022","deleted":false,"cash":false,"deptUsrCode":"H","traderName":"U Kyaw","srcAccName":"ေန့စဥ္ေငြစာရင္း","accName":"ကုန္သၫ္စာရင္း (ကုန္ေရာင္း)"},{"key":{"glCode":"098062022000002359","compCode":"0010010"},"glDate":"Saturday, January 8, 2022 at 12:00:00 AM Myanmar Time","description":"Sale Voucher Paid","srcAccCode":"001-00034","accCode":"001-00038","curCode":"MMK","drAmt":7935.0,"reference":"17904/small-Your Staylist","deptCode":"001-0001","traderCode":"CUS00272-001","tranSource":"SALE","refNo":"0100312-012022","deleted":false,"cash":false,"deptUsrCode":"H","traderName":"Your Stylist","srcAccName":"ေန့စဥ္ေငြစာရင္း","accName":"ကုန္သၫ္စာရင္း (ကုန္ေရာင္း)"}]