[{"key":{"coaCode":"001-00001","compCode":"0010010"},"active":false,"marked":false,"deleted":false},{"key":{"coaCode":"001-00002","compCode":"0010010"},"active":false,"marked":false,"deleted":false},{"key":{"coaCode":"001-00003","compCode":"0010010"},"active":false,"marked":false,"deleted":false},{"key":{"coaCode":"001-00004","compCode":"0010010"},"active":false,"marked":false,"deleted":false},{"key":{"coaCode":"001-00005","compCode":"0010010"},"active":false,"marked":false,"deleted":false},{"key":{"coaCode":"001-00006","compCode":"0010010"},"active":false,"marked":false,"deleted":false},{"key":{"coaCode":"001-00007","compCode":"0010010"},"active":false,"marked":false,"deleted":false},{"key":{"coaCode":"001-00008","compCode":"0010010"},"active":false,"marked":false,"deleted":false},{"key":{"coaCode":"001-00009","compCode":"0010010"},"active":false,"marked":false,"deleted":false},{"key":{"coaCode":"001-00010","compCode":"0010010"},"active":false,"marked":false,"deleted":false},{"key":{"coaCode":"001-00011","compCode":"0010010"},"active":false,"marked":false,"deleted":false},{"key":{"coaCode":"001-00012","compCode":"0010010"},"active":false,"marked":false,"deleted":false},{"key":{"coaCode":"001-00013","compCode":"0010010"},"active":false,"marked":false,"deleted":false},{"key":{"coaCode":"001-00014","compCode":"0010010"},"active":false,"marked":false,"deleted":false},{"key":{"coaCode":"001-00015","compCode":"0010010"},"active":false,"marked":false,"deleted":false},{"key":{"coaCode":"001-00016","compCode":"0010010"},"active":false,"marked":false,"deleted":false},{"key":{"coaCode":"001-00017","compCode":"0010010"},"active":false,"marked":false,"deleted":false},{"key":{"coaCode":"001-00018","compCode":"0010010"},"active":false,"marked":false,"deleted":false},{"key":{"coaCode":"001-00019","compCode":"0010010"},"active":false,"marked":false,"deleted":false},{"key":{"coaCode":"001-00020","compCode":"0010010"},"active":false,"marked":false,"deleted":false},{"key":{"coaCode":"001-00021","compCode":"0010010"},"active":false,"marked":false,"deleted":false},{"key":{"coaCode":"001-00022","compCode":"0010010"},"active":false,"marked":false,"deleted":false},{"key":{"coaCode":"001-00023","compCode":"0010010"},"active":false,"marked":false,"deleted":false},{"key":{"coaCode":"001-00024","compCode":"0010010"},"active":false,"marked":false,"deleted":false},{"key":{"coaCode":"001-00025","compCode":"0010010"},"active":false,"marked":false,"deleted":false},{"key":{"coaCode":"001-00026","compCode":"0010010"},"active":false,"marked":false,"deleted":false},{"key":{"coaCode":"001-00027","compCode":"0010010"},"active":false,"marked":false,"deleted":false},{"key":{"coaCode":"001-00028","compCode":"0010010"},"active":false,"marked":false,"deleted":false},{"key":{"coaCode":"001-00029","compCode":"0010010"},"active":false,"marked":false,"deleted":false},{"key":{"coaCode":"001-00030","compCode":"0010010"},"active":false,"marked":false,"deleted":false},{"key":{"coaCode":"001-00031","compCode":"0010010"},"active":false,"marked":false,"deleted":false},{"key":{"coaCode":"001-00032","compCode":"0010010"},"active":false,"marked":false,"deleted":false},{"key":{"coaCode":"001-00033","compCode":"0010010"},"active":false,"marked":false,"deleted":false},{"key":{"coaCode":"001-00034","compCode":"0010010"},"active":false,"marked":false,"deleted":false},{"key":{"coaCode":"001-00035","compCode":"0010010"},"active":false,"marked":false,"deleted":false},{"key":{"coaCode":"001-00036","compCode":"0010010"},"active":false,"marked":false,"deleted":false},{"key":{"coaCode":"001-00038","compCode":"0010010"},"active":false,"marked":false,"deleted":false},{"key":{"coaCode":"001-00039","compCode":"0010010"},"active":false,"marked":false,"deleted":false},{"key":{"coaCode":"001-00040","compCode":"0010010"},"active":false,"marked":false,"deleted":false},{"key":{"coaCode":"001-00041","compCode":"0010010"},"active":false,"marked":false,"deleted":false},{"key":{"coaCode":"001-00042","compCode":"0010010"},"active":false,"marked":false,"deleted":false},{"key":{"coaCode":"001-00045","compCode":"0010010"},"active":false,"marked":false,"deleted":false},{"key":{"coaCode":"001-00046","compCode":"0010010"},"active":false,"marked":false,"deleted":false},{"key":{"coaCode":"001-00047","compCode":"0010010"},"active":false,"marked":false,"deleted":false},{"key":{"coaCode":"001-00048","compCode":"0010010"},"active":false,"marked":false,"deleted":false},{"key":{"coaCode":"001-00049","compCode":"0010010"},"active":false,"marked":false,"deleted":false},{"key":{"coaCode":"001-00050","compCode":"0010010"},"active":false,"marked":false,"deleted":false},{"key":{"coaCode":"001-00051","compCode":"0010010"},"active":false,"marked":false,"deleted":false},{"key":{"coaCode":"001-00052","compCode":"0010010"},"active":false,"marked":false,"deleted":false},{"key":{"coaCode":"001-00053","compCode":"0010010"},"active":false,"marked":false,"deleted":false},{"key":{"coaCode":"001-00054","compCode":"0010010"},"active":false,"marked":false,"deleted":false},{"key":{"coaCode":"001-00055","compCode":"0010010"},"active":false,"marked":false,"deleted":false},{"key":{"coaCode":"001-00056","compCode":"0010010"},"active":false,"marked":false,"deleted":false},{"key":{"coaCode":"001-00057","compCode":"0010010"},"active":false,"marked":false,"deleted":false},{"key":{"coaCode":"001-00058","compCode":"0010010"},"active":false,"marked":false,"deleted":false},{"key":{"coaCode":"001-00059","compCode":"0010010"},"active":false,"marked":false,"deleted":false},{"key":{"coaCode":"001-00060","compCode":"0010010"},"active":false,"marked":false,"deleted":false},{"key":{"coaCode":"001-00061","compCode":"0010010"},"active":false,"marked":false,"deleted":false},{"key":{"coaCode":"001-00064","compCode":"0010010"},"active":false,"marked":false,"deleted":false},{"key":{"coaCode":"001-00066","compCode":"0010010"},"active":false,"marked":false,"deleted":false},{"key":{"coaCode":"001-00067","compCode":"0010010"},"active":false,"marked":false,"deleted":false},{"key":{"coaCode":"001-00068","compCode":"0010010"},"active":false,"marked":false,"deleted":false},{"key":{"coaCode":"001-00070","compCode":"0010010"},"active":false,"marked":false,"deleted":false},{"key":{"coaCode":"001-00071","compCode":"0010010"},"active":false,"marked":false,"deleted":false},{"key":{"coaCode":"001-00072","compCode":"0010010"},"active":false,"marked":false,"deleted":false},{"key":{"coaCode":"001-00073","compCode":"0010010"},"active":false,"marked":false,"deleted":false},{"key":{"coaCode":"001-00074","compCode":"0010010"},"active":false,"marked":false,"deleted":false},{"key":{"coaCode":"001-00075","compCode":"0010010"},"active":false,"marked":false,"deleted":false},{"key":{"coaCode":"001-00076","compCode":"0010010"},"active":false,"marked":false,"deleted":false},{"key":{"coaCode":"001-00077","compCode":"0010010"},"active":false,"marked":false,"deleted":false},{"key":{"coaCode":"001-00078","compCode":"0010010"},"active":false,"marked":false,"deleted":false},{"key":{"coaCode":"001-00079","compCode":"0010010"},"active":false,"marked":false,"deleted":false},{"key":{"coaCode":"001-00080","compCode":"0010010"},"active":false,"marked":false,"deleted":false},{"key":{"coaCode":"001-00081","compCode":"0010010"},"active":false,"marked":false,"deleted":false},{"key":{"coaCode":"001-00082","compCode":"0010010"},"active":false,"marked":false,"deleted":false},{"key":{"coaCode":"001-00083","compCode":"0010010"},"active":false,"marked":false,"deleted":false},{"key":{"coaCode":"001-00084","compCode":"0010010"},"active":false,"marked":false,"deleted":false},{"key":{"coaCode":"001-00085","compCode":"0010010"},"active":false,"marked":false,"deleted":false},{"key":{"coaCode":"001-00086","compCode":"0010010"},"active":false,"marked":false,"deleted":false},{"key":{"coaCode":"001-00087","compCode":"0010010"},"active":false,"marked":false,"deleted":false},{"key":{"coaCode":"001-00088","compCode":"0010010"},"active":false,"marked":false,"deleted":false},{"key":{"coaCode":"001-00089","compCode":"0010010"},"active":false,"marked":false,"deleted":false},{"key":{"coaCode":"001-00090","compCode":"0010010"},"active":false,"marked":false,"deleted":false},{"key":{"coaCode":"001-00091","compCode":"0010010"},"active":false,"marked":false,"deleted":false},{"key":{"coaCode":"001-00092","compCode":"0010010"},"active":false,"marked":false,"deleted":false},{"key":{"coaCode":"001-00093","compCode":"0010010"},"active":false,"marked":false,"deleted":false},{"key":{"coaCode":"001-00094","compCode":"0010010"},"active":false,"marked":false,"deleted":false},{"key":{"coaCode":"001-00095","compCode":"0010010"},"active":false,"marked":false,"deleted":false},{"key":{"coaCode":"001-00096","compCode":"0010010"},"active":false,"marked":false,"deleted":false},{"key":{"coaCode":"001-00101","compCode":"0010010"},"active":false,"marked":false,"deleted":false},{"key":{"coaCode":"001-00102","compCode":"0010010"},"active":false,"marked":false,"deleted":false},{"key":{"coaCode":"001-00103","compCode":"0010010"},"active":false,"marked":false,"deleted":false},{"key":{"coaCode":"001-00104","compCode":"0010010"},"active":false,"marked":false,"deleted":false},{"key":{"coaCode":"001-00108","compCode":"0010010"},"active":false,"marked":false,"deleted":false},{"key":{"coaCode":"001-00109","compCode":"0010010"},"active":false,"marked":false,"deleted":false},{"key":{"coaCode":"001-00110","compCode":"0010010"},"active":false,"marked":false,"deleted":false},{"key":{"coaCode":"001-00111","compCode":"0010010"},"active":false,"marked":false,"deleted":false},{"key":{"coaCode":"001-00112","compCode":"0010010"},"active":false,"marked":false,"deleted":false},{"key":{"coaCode":"001-00113","compCode":"0010010"},"active":false,"marked":false,"deleted":false},{"key":{"coaCode":"001-00114","compCode":"0010010"},"active":false,"marked":false,"deleted":false},{"key":{"coaCode":"001-00116","compCode":"0010010"},"active":false,"marked":false,"deleted":false},{"key":{"coaCode":"001-00117","compCode":"0010010"},"active":false,"marked":false,"deleted":false},{"key":{"coaCode":"001-00118","compCode":"0010010"},"active":false,"marked":false,"deleted":false},{"key":{"coaCode":"001-00121","compCode":"0010010"},"active":false,"marked":false,"deleted":false},{"key":{"coaCode":"001-00123","compCode":"0010010"},"active":false,"marked":false,"deleted":false},{"key":{"coaCode":"001-00124","compCode":"0010010"},"active":false,"marked":false,"deleted":false},{"key":{"coaCode":"001-00125","compCode":"0010010"},"active":false,"marked":false,"deleted":false},{"key":{"coaCode":"001-00127","compCode":"0010010"},"active":false,"marked":false,"deleted":false},{"key":{"coaCode":"001-00128","compCode":"0010010"},"active":false,"marked":false,"deleted":false},{"key":{"coaCode":"001-00129","compCode":"0010010"},"active":false,"marked":false,"deleted":false},{"key":{"coaCode":"001-00130","compCode":"0010010"},"active":false,"marked":false,"deleted":false},{"key":{"coaCode":"001-00131","compCode":"0010010"},"active":false,"marked":false,"deleted":false},{"key":{"coaCode":"001-00132","compCode":"0010010"},"active":false,"marked":false,"deleted":false},{"key":{"coaCode":"001-00133","compCode":"0010010"},"active":false,"marked":false,"deleted":false},{"key":{"coaCode":"001-00134","compCode":"0010010"},"active":false,"marked":false,"deleted":false},{"key":{"coaCode":"001-00135","compCode":"0010010"},"active":false,"marked":false,"deleted":false},{"key":{"coaCode":"001-00137","compCode":"0010010"},"active":false,"marked":false,"deleted":false},{"key":{"coaCode":"001-00139","compCode":"0010010"},"active":false,"marked":false,"deleted":false},{"key":{"coaCode":"001-00141","compCode":"0010010"},"active":false,"marked":false,"deleted":false},{"key":{"coaCode":"001-00155","compCode":"0010010"},"active":false,"marked":false,"deleted":false},{"key":{"coaCode":"001-00156","compCode":"0010010"},"active":false,"marked":false,"deleted":false},{"key":{"coaCode":"001-00159","compCode":"0010010"},"active":false,"marked":false,"deleted":false},{"key":{"coaCode":"001-00162","compCode":"0010010"},"active":false,"marked":false,"deleted":false},{"key":{"coaCode":"001-00166","compCode":"0010010"},"active":false,"marked":false,"deleted":false},{"key":{"coaCode":"001-00167","compCode":"0010010"},"active":false,"marked":false,"deleted":false},{"key":{"coaCode":"001-00169","compCode":"0010010"},"active":false,"marked":false,"deleted":false},{"key":{"coaCode":"001-00170","compCode":"0010010"},"active":false,"marked":false,"deleted":false},{"key":{"coaCode":"001-00172","compCode":"0010010"},"active":false,"marked":false,"deleted":false},{"key":{"coaCode":"001-00173","compCode":"0010010"},"active":false,"marked":false,"deleted":false},{"key":{"coaCode":"001-00179","compCode":"0010010"},"active":false,"marked":false,"deleted":false},{"key":{"coaCode":"001-00183","compCode":"0010010"},"active":false,"marked":false,"deleted":false},{"key":{"coaCode":"001-00185","compCode":"0010010"},"active":false,"marked":false,"deleted":false},{"key":{"coaCode":"001-00186","compCode":"0010010"},"active":false,"marked":false,"deleted":false},{"key":{"coaCode":"001-00194","compCode":"0010010"},"active":false,"marked":false,"deleted":false},{"key":{"coaCode":"001-00198","compCode":"0010010"},"active":false,"marked":false,"deleted":false},{"key":{"coaCode":"001-00199","compCode":"0010010"},"active":false,"marked":false,"deleted":false},{"key":{"coaCode":"001-00202","compCode":"0010010"},"active":false,"marked":false,"deleted":false},{"key":{"coaCode":"001-00203","compCode":"0010010"},"active":false,"marked":false,"deleted":false},{"key":{"coaCode":"001-00207","compCode":"0010010"},"active":false,"marked":false,"deleted":false},{"key":{"coaCode":"001-00208","compCode":"0010010"},"active":false,"marked":false,"deleted":false},{"key":{"coaCode":"001-00209","compCode":"0010010"},"active":false,"marked":false,"deleted":false},{"key":{"coaCode":"001-00210","compCode":"0010010"},"active":false,"marked":false,"deleted":false},{"key":{"coaCode":"001-00211","compCode":"0010010"},"active":false,"marked":false,"deleted":false},{"key":{"coaCode":"001-00212","compCode":"0010010"},"active":false,"marked":false,"deleted":false},{"key":{"coaCode":"001-00213","compCode":"0010010"},"active":false,"marked":false,"deleted":false},{"key":{"coaCode":"001-00214","compCode":"0010010"},"active":false,"marked":false,"deleted":false},{"key":{"coaCode":"001-00215","compCode":"0010010"},"active":false,"marked":false,"deleted":false},{"key":{"coaCode":"001-00216","compCode":"0010010"},"active":false,"marked":false,"deleted":false},{"key":{"coaCode":"001-00217","compCode":"0010010"},"active":false,"marked":false,"deleted":false},{"key":{"coaCode":"001-00218","compCode":"0010010"},"active":false,"marked":false,"deleted":false},{"key":{"coaCode":"001-00220","compCode":"0010010"},"active":false,"marked":false,"deleted":false},{"key":{"coaCode":"001-00221","compCode":"0010010"},"active":false,"marked":false,"deleted":false},{"key":{"coaCode":"001-00223","compCode":"0010010"},"active":false,"marked":false,"deleted":false},{"key":{"coaCode":"001-00226","compCode":"0010010"},"active":false,"marked":false,"deleted":false},{"key":{"coaCode":"001-00227","compCode":"0010010"},"active":false,"marked":false,"deleted":false},{"key":{"coaCode":"001-00228","compCode":"0010010"},"active":false,"marked":false,"deleted":false},{"key":{"coaCode":"001-00229","compCode":"0010010"},"active":false,"marked":false,"deleted":false},{"key":{"coaCode":"001-00230","compCode":"0010010"},"active":false,"marked":false,"deleted":false},{"key":{"coaCode":"001-00231","compCode":"0010010"},"active":false,"marked":false,"deleted":false},{"key":{"coaCode":"001-00232","compCode":"0010010"},"active":false,"marked":false,"deleted":false},{"key":{"coaCode":"001-00233","compCode":"0010010"},"active":false,"marked":false,"deleted":false},{"key":{"coaCode":"001-00234","compCode":"0010010"},"active":false,"marked":false,"deleted":false},{"key":{"coaCode":"001-00235","compCode":"0010010"},"active":false,"marked":false,"deleted":false},{"key":{"coaCode":"001-00236","compCode":"0010010"},"active":false,"marked":false,"deleted":false},{"key":{"coaCode":"001-00237","compCode":"0010010"},"active":false,"marked":false,"deleted":false},{"key":{"coaCode":"001-00238","compCode":"0010010"},"active":false,"marked":false,"deleted":false},{"key":{"coaCode":"001-00239","compCode":"0010010"},"active":false,"marked":false,"deleted":false},{"key":{"coaCode":"001-00240","compCode":"0010010"},"active":false,"marked":false,"deleted":false},{"key":{"coaCode":"001-00241","compCode":"0010010"},"active":false,"marked":false,"deleted":false},{"key":{"coaCode":"001-00242","compCode":"0010010"},"active":false,"marked":false,"deleted":false},{"key":{"coaCode":"001-00245","compCode":"0010010"},"active":false,"marked":false,"deleted":false},{"key":{"coaCode":"001-00246","compCode":"0010010"},"active":false,"marked":false,"deleted":false},{"key":{"coaCode":"001-00250","compCode":"0010010"},"active":false,"marked":false,"deleted":false},{"key":{"coaCode":"001-00251","compCode":"0010010"},"active":false,"marked":false,"deleted":false},{"key":{"coaCode":"001-00252","compCode":"0010010"},"active":false,"marked":false,"deleted":false},{"key":{"coaCode":"001-00253","compCode":"0010010"},"active":false,"marked":false,"deleted":false},{"key":{"coaCode":"001-00254","compCode":"0010010"},"active":false,"marked":false,"deleted":false},{"key":{"coaCode":"001-00255","compCode":"0010010"},"active":false,"marked":false,"deleted":false},{"key":{"coaCode":"001-00257","compCode":"0010010"},"active":false,"marked":false,"deleted":false},{"key":{"coaCode":"001-00259","compCode":"0010010"},"active":false,"marked":false,"deleted":false},{"key":{"coaCode":"001-00260","compCode":"0010010"},"active":false,"marked":false,"deleted":false},{"key":{"coaCode":"001-00263","compCode":"0010010"},"active":false,"marked":false,"deleted":false},{"key":{"coaCode":"001-00264","compCode":"0010010"},"active":false,"marked":false,"deleted":false},{"key":{"coaCode":"001-00278","compCode":"0010010"},"active":false,"marked":false,"deleted":false},{"key":{"coaCode":"001-00279","compCode":"0010010"},"active":false,"marked":false,"deleted":false},{"key":{"coaCode":"001-00280","compCode":"0010010"},"active":false,"marked":false,"deleted":false},{"key":{"coaCode":"001-00281","compCode":"0010010"},"active":false,"marked":false,"deleted":false},{"key":{"coaCode":"001-00282","compCode":"0010010"},"active":false,"marked":false,"deleted":false},{"key":{"coaCode":"001-00283","compCode":"0010010"},"active":false,"marked":false,"deleted":false},{"key":{"coaCode":"001-00285","compCode":"0010010"},"active":false,"marked":false,"deleted":false},{"key":{"coaCode":"001-00286","compCode":"0010010"},"active":false,"marked":false,"deleted":false},{"key":{"coaCode":"001-00289","compCode":"0010010"},"active":false,"marked":false,"deleted":false},{"key":{"coaCode":"001-00290","compCode":"0010010"},"active":false,"marked":false,"deleted":false},{"key":{"coaCode":"001-00298","compCode":"0010010"},"active":false,"marked":false,"deleted":false},{"key":{"coaCode":"001-00300","compCode":"0010010"},"active":false,"marked":false,"deleted":false},{"key":{"coaCode":"001-00301","compCode":"0010010"},"active":false,"marked":false,"deleted":false},{"key":{"coaCode":"001-00302","compCode":"0010010"},"active":false,"marked":false,"deleted":false},{"key":{"coaCode":"001-00304","compCode":"0010010"},"active":false,"marked":false,"deleted":false},{"key":{"coaCode":"001-00305","compCode":"0010010"},"active":false,"marked":false,"deleted":false},{"key":{"coaCode":"001-00306","compCode":"0010010"},"active":false,"marked":false,"deleted":false},{"key":{"coaCode":"001-00309","compCode":"0010010"},"active":false,"marked":false,"deleted":false},{"key":{"coaCode":"001-00310","compCode":"0010010"},"active":false,"marked":false,"deleted":false},{"key":{"coaCode":"001-00311","compCode":"0010010"},"active":false,"marked":false,"deleted":false},{"key":{"coaCode":"001-00313","compCode":"0010010"},"active":false,"marked":false,"deleted":false},{"key":{"coaCode":"001-00314","compCode":"0010010"},"active":false,"marked":false,"deleted":false},{"key":{"coaCode":"001-00317","compCode":"0010010"},"active":false,"marked":false,"deleted":false},{"key":{"coaCode":"001-00318","compCode":"0010010"},"active":false,"marked":false,"deleted":false},{"key":{"coaCode":"001-00325","compCode":"0010010"},"active":false,"marked":false,"deleted":false},{"key":{"coaCode":"001-00326","compCode":"0010010"},"active":false,"marked":false,"deleted":false},{"key":{"coaCode":"001-00329","compCode":"0010010"},"active":false,"marked":false,"deleted":false},{"key":{"coaCode":"001-00330","compCode":"0010010"},"active":false,"marked":false,"deleted":false},{"key":{"coaCode":"001-00331","compCode":"0010010"},"active":false,"marked":false,"deleted":false},{"key":{"coaCode":"001-00335","compCode":"0010010"},"active":false,"marked":false,"deleted":false},{"key":{"coaCode":"001-00338","compCode":"0010010"},"active":false,"marked":false,"deleted":false},{"key":{"coaCode":"001-00339","compCode":"0010010"},"active":false,"marked":false,"deleted":false},{"key":{"coaCode":"001-00340","compCode":"0010010"},"active":false,"marked":false,"deleted":false},{"key":{"coaCode":"001-00341","compCode":"0010010"},"active":false,"marked":false,"deleted":false},{"key":{"coaCode":"001-00342","compCode":"0010010"},"active":false,"marked":false,"deleted":false},{"key":{"coaCode":"001-00343","compCode":"0010010"},"active":false,"marked":false,"deleted":false},{"key":{"coaCode":"001-00344","compCode":"0010010"},"active":false,"marked":false,"deleted":false},{"key":{"coaCode":"001-00346","compCode":"0010010"},"active":false,"marked":false,"deleted":false},{"key":{"coaCode":"001-00348","compCode":"0010010"},"active":false,"marked":false,"deleted":false},{"key":{"coaCode":"001-00350","compCode":"0010010"},"active":false,"marked":false,"deleted":false},{"key":{"coaCode":"001-00351","compCode":"0010010"},"active":false,"marked":false,"deleted":false},{"key":{"coaCode":"001-00352","compCode":"0010010"},"active":false,"marked":false,"deleted":false},{"key":{"coaCode":"001-00353","compCode":"0010010"},"active":false,"marked":false,"deleted":false},{"key":{"coaCode":"001-00354","compCode":"0010010"},"active":false,"marked":false,"deleted":false},{"key":{"coaCode":"001-00356","compCode":"0010010"},"active":false,"marked":false,"deleted":false},{"key":{"coaCode":"001-00359","compCode":"0010010"},"active":false,"marked":false,"deleted":false},{"key":{"coaCode":"001-00360","compCode":"0010010"},"active":false,"marked":false,"deleted":false},{"key":{"coaCode":"001-00361","compCode":"0010010"},"active":false,"marked":false,"deleted":false},{"key":{"coaCode":"001-00362","compCode":"0010010"},"active":false,"marked":false,"deleted":false},{"key":{"coaCode":"001-00365","compCode":"0010010"},"active":false,"marked":false,"deleted":false},{"key":{"coaCode":"001-00368","compCode":"0010010"},"active":false,"marked":false,"deleted":false},{"key":{"coaCode":"001-00369","compCode":"0010010"},"active":false,"marked":false,"deleted":false},{"key":{"coaCode":"001-00370","compCode":"0010010"},"active":false,"marked":false,"deleted":false},{"key":{"coaCode":"001-00371","compCode":"0010010"},"active":false,"marked":false,"deleted":false},{"key":{"coaCode":"001-00374","compCode":"0010010"},"active":false,"marked":false,"deleted":false},{"key":{"coaCode":"001-00375","compCode":"0010010"},"active":false,"marked":false,"deleted":false},{"key":{"coaCode":"001-00377","compCode":"0010010"},"active":false,"marked":false,"deleted":false},{"key":{"coaCode":"001-00378","compCode":"0010010"},"active":false,"marked":false,"deleted":false},{"key":{"coaCode":"001-00379","compCode":"0010010"},"active":false,"marked":false,"deleted":false},{"key":{"coaCode":"001-00380","compCode":"0010010"},"active":false,"marked":false,"deleted":false},{"key":{"coaCode":"001-00381","compCode":"0010010"},"active":false,"marked":false,"deleted":false},{"key":{"coaCode":"001-00382","compCode":"0010010"},"active":false,"marked":false,"deleted":false},{"key":{"coaCode":"001-00384","compCode":"0010010"},"active":false,"marked":false,"deleted":false},{"key":{"coaCode":"001-00385","compCode":"0010010"},"active":false,"marked":false,"deleted":false},{"key":{"coaCode":"001-00388","compCode":"0010010"},"active":false,"marked":false,"deleted":false},{"key":{"coaCode":"001-00390","compCode":"0010010"},"active":false,"marked":false,"deleted":false},{"key":{"coaCode":"001-00391","compCode":"0010010"},"active":false,"marked":false,"deleted":false},{"key":{"coaCode":"001-00396","compCode":"0010010"},"active":false,"marked":false,"deleted":false},{"key":{"coaCode":"001-00397","compCode":"0010010"},"active":false,"marked":false,"deleted":false},{"key":{"coaCode":"001-00398","compCode":"0010010"},"active":false,"marked":false,"deleted":false},{"key":{"coaCode":"001-00399","compCode":"0010010"},"active":false,"marked":false,"deleted":false},{"key":{"coaCode":"001-00400","compCode":"0010010"},"active":false,"marked":false,"deleted":false},{"key":{"coaCode":"001-00402","compCode":"0010010"},"active":false,"marked":false,"deleted":false},{"key":{"coaCode":"001-00404","compCode":"0010010"},"active":false,"marked":false,"deleted":false},{"key":{"coaCode":"001-00405","compCode":"0010010"},"active":false,"marked":false,"deleted":false},{"key":{"coaCode":"001-00406","compCode":"0010010"},"active":false,"marked":false,"deleted":false},{"key":{"coaCode":"001-00407","compCode":"0010010"},"active":false,"marked":false,"deleted":false},{"key":{"coaCode":"001-00408","compCode":"0010010"},"active":false,"marked":false,"deleted":false},{"key":{"coaCode":"001-00412","compCode":"0010010"},"active":false,"marked":false,"deleted":false},{"key":{"coaCode":"001-00413","compCode":"0010010"},"active":false,"marked":false,"deleted":false},{"key":{"coaCode":"001-00419","compCode":"0010010"},"active":false,"marked":false,"deleted":false},{"key":{"coaCode":"001-00420","compCode":"0010010"},"active":false,"marked":false,"deleted":false},{"key":{"coaCode":"001-00422","compCode":"0010010"},"active":false,"marked":false,"deleted":false},{"key":{"coaCode":"001-00423","compCode":"0010010"},"active":false,"marked":false,"deleted":false},{"key":{"coaCode":"001-00425","compCode":"0010010"},"active":false,"marked":false,"deleted":false},{"key":{"coaCode":"001-00427","compCode":"0010010"},"active":false,"marked":false,"deleted":false},{"key":{"coaCode":"001-00428","compCode":"0010010"},"active":false,"marked":false,"deleted":false},{"key":{"coaCode":"001-00430","compCode":"0010010"},"active":false,"marked":false,"deleted":false},{"key":{"coaCode":"001-00433","compCode":"0010010"},"active":false,"marked":false,"deleted":false},{"key":{"coaCode":"001-00434","compCode":"0010010"},"active":false,"marked":false,"deleted":false},{"key":{"coaCode":"001-00437","compCode":"0010010"},"active":false,"marked":false,"deleted":false},{"key":{"coaCode":"001-00440","compCode":"0010010"},"active":false,"marked":false,"deleted":false},{"key":{"coaCode":"001-00441","compCode":"0010010"},"active":false,"marked":false,"deleted":false},{"key":{"coaCode":"001-00442","compCode":"0010010"},"active":false,"marked":false,"deleted":false},{"key":{"coaCode":"001-00443","compCode":"0010010"},"active":false,"marked":false,"deleted":false},{"key":{"coaCode":"001-00444","compCode":"0010010"},"active":false,"marked":false,"deleted":false},{"key":{"coaCode":"001-00447","compCode":"0010010"},"active":false,"marked":false,"deleted":false},{"key":{"coaCode":"001-00451","compCode":"0010010"},"active":false,"marked":false,"deleted":false},{"key":{"coaCode":"001-00455","compCode":"0010010"},"active":false,"marked":false,"deleted":false},{"key":{"coaCode":"001-00460","compCode":"0010010"},"active":false,"marked":false,"deleted":false},{"key":{"coaCode":"001-00464","compCode":"0010010"},"active":false,"marked":false,"deleted":false},{"key":{"coaCode":"001-00466","compCode":"0010010"},"active":false,"marked":false,"deleted":false},{"key":{"coaCode":"001-00473","compCode":"0010010"},"active":false,"marked":false,"deleted":false},{"key":{"coaCode":"001-00475","compCode":"0010010"},"active":false,"marked":false,"deleted":false},{"key":{"coaCode":"001-00477","compCode":"0010010"},"active":false,"marked":false,"deleted":false},{"key":{"coaCode":"001-00479","compCode":"0010010"},"active":false,"marked":false,"deleted":false},{"key":{"coaCode":"001-00480","compCode":"0010010"},"active":false,"marked":false,"deleted":false},{"key":{"coaCode":"001-00481","compCode":"0010010"},"active":false,"marked":false,"deleted":false},{"key":{"coaCode":"001-00489","compCode":"0010010"},"active":false,"marked":false,"deleted":false},{"key":{"coaCode":"001-00490","compCode":"0010010"},"active":false,"marked":false,"deleted":false},{"key":{"coaCode":"001-00496","compCode":"0010010"},"active":false,"marked":false,"deleted":false},{"key":{"coaCode":"001-00498","compCode":"0010010"},"active":false,"marked":false,"deleted":false},{"key":{"coaCode":"001-00499","compCode":"0010010"},"active":false,"marked":false,"deleted":false},{"key":{"coaCode":"001-00504","compCode":"0010010"},"active":false,"marked":false,"deleted":false},{"key":{"coaCode":"001-00505","compCode":"0010010"},"active":false,"marked":false,"deleted":false},{"key":{"coaCode":"001-00506","compCode":"0010010"},"active":false,"marked":false,"deleted":false},{"key":{"coaCode":"001-00507","compCode":"0010010"},"active":false,"marked":false,"deleted":false},{"key":{"coaCode":"001-00508","compCode":"0010010"},"active":false,"marked":false,"deleted":false},{"key":{"coaCode":"001-00509","compCode":"0010010"},"active":false,"marked":false,"deleted":false},{"key":{"coaCode":"001-00510","compCode":"0010010"},"active":false,"marked":false,"deleted":false},{"key":{"coaCode":"001-00511","compCode":"0010010"},"active":false,"marked":false,"deleted":false},{"key":{"coaCode":"001-00512","compCode":"0010010"},"active":false,"marked":false,"deleted":false},{"key":{"coaCode":"001-00513","compCode":"0010010"},"active":false,"marked":false,"deleted":false},{"key":{"coaCode":"001-00515","compCode":"0010010"},"active":false,"marked":false,"deleted":false},{"key":{"coaCode":"001-00516","compCode":"0010010"},"active":false,"marked":false,"deleted":false},{"key":{"coaCode":"002-00002","compCode":"0010010"},"active":false,"marked":false,"deleted":false},{"key":{"coaCode":"002-00003","compCode":"0010010"},"active":false,"marked":false,"deleted":false},{"key":{"coaCode":"002-00004","compCode":"0010010"},"active":false,"marked":false,"deleted":false},{"key":{"coaCode":"002-00005","compCode":"0010010"},"active":false,"marked":false,"deleted":false},{"key":{"coaCode":"002-00006","compCode":"0010010"},"active":false,"marked":false,"deleted":false},{"key":{"coaCode":"002-00007","compCode":"0010010"},"active":false,"marked":false,"deleted":false},{"key":{"coaCode":"002-00008","compCode":"0010010"},"active":false,"marked":false,"deleted":false},{"key":{"coaCode":"002-00009","compCode":"0010010"},"active":false,"marked":false,"deleted":false},{"key":{"coaCode":"002-00010","compCode":"0010010"},"active":false,"marked":false,"deleted":false},{"key":{"coaCode":"002-00011","compCode":"0010010"},"active":false,"marked":false,"deleted":false},{"key":{"coaCode":"003-00001","compCode":"0010010"},"active":false,"marked":false,"deleted":false},{"key":{"coaCode":"003-00002","compCode":"0010010"},"active":false,"marked":false,"deleted":false},{"key":{"coaCode":"003-00003","compCode":"0010010"},"active":false,"marked":false,"deleted":false},{"key":{"coaCode":"003-00004","compCode":"0010010"},"active":false,"marked":false,"deleted":false},{"key":{"coaCode":"003-00005","compCode":"0010010"},"active":false,"marked":false,"deleted":false},{"key":{"coaCode":"003-00006","compCode":"0010010"},"active":false,"marked":false,"deleted":false}]