[{"glCode":"002102200000003","formatDate":"01/10/2022","glDate":"Saturday, October 1, 2022 at 12:00:00 AM Myanmar Time","description":"Bonus","sourceAcId":"001-00034","accCode":"001-00103","curCode":"MMK","crAmt":700000.0,"deptCode":"001-0001","compCode":"0010010","tranSource":"CB","srcAccName":"ေန့စဥ္ေငြစာရင္း","accName":"Bonus","deptUsrCode":"H"},{"glCode":"002102200000004","formatDate":"01/10/2022","glDate":"Saturday, October 1, 2022 at 12:00:00 AM Myanmar Time","description":"CV-4748","sourceAcId":"001-00034","accCode":"001-00038","curCode":"MMK","drAmt":1029000.0,"deptCode":"001-0001","traderCode":"CUS000008","compCode":"0010010","tranSource":"CB","srcAccName":"ေန့စဥ္ေငြစာရင္း","accName":"Receivable (Debtors)","deptUsrCode":"H","traderName":"KYK"},{"glCode":"002102200000029","formatDate":"01/10/2022","glDate":"Saturday, October 1, 2022 at 12:00:00 AM Myanmar Time","description":"၀န္ထမ္းလစာႀကိဳတင္ေငြ","sourceAcId":"001-00034","accCode":"001-00048","curCode":"MMK","crAmt":20000.0,"deptCode":"001-0001","compCode":"0010010","tranSource":"CB","srcAccName":"ေန့စဥ္ေငြစာရင္း","accName":"Wages \u0026 Salaries","deptUsrCode":"H"},{"glCode":"002102200000030","formatDate":"01/10/2022","glDate":"Saturday, October 1, 2022 at 12:00:00 AM Myanmar Time","description":"ပိတ္ျဖတ္စေရာင္းရေငြ","sourceAcId":"001-00034","accCode":"002-00019","curCode":"MMK","drAmt":90000.0,"deptCode":"001-0001","compCode":"0010010","tranSource":"CB","srcAccName":"ေန့စဥ္ေငြစာရင္း","accName":"ပိတ္ျဖစ္စ ေရာင္းရေငြ","deptUsrCode":"H"},{"glCode":"002102200000072","formatDate":"01/10/2022","glDate":"Saturday, October 1, 2022 at 12:00:00 AM Myanmar Time","description":"K Pay (SV-4106)","sourceAcId":"001-00034","accCode":"002-00024","curCode":"MMK","crAmt":166000.0,"deptCode":"001-0001","compCode":"0010010","tranSource":"CB","srcAccName":"ေန့စဥ္ေငြစာရင္း","accName":"KBZ Old (YHA)","deptUsrCode":"H"},{"glCode":"098102200000036","formatDate":"01/10/2022","glDate":"Saturday, October 1, 2022 at 12:00:00 AM Myanmar Time","description":"Sale Voucher Paid","sourceAcId":"001-00034","accCode":"002-00002","curCode":"MMK","drAmt":7000.0,"reference":"ေက်ာ္ေဇာသြင္","deptCode":"001-0001","compCode":"0010010","tranSource":"SALE","srcAccName":"ေန့စဥ္ေငြစာရင္း","accName":"Sale Income","deptUsrCode":"H","refNo":"0200002-1022"},{"glCode":"098102200000045","formatDate":"01/10/2022","glDate":"Saturday, October 1, 2022 at 12:00:00 AM Myanmar Time","description":"Sale Voucher Paid","sourceAcId":"001-00034","accCode":"002-00002","curCode":"MMK","drAmt":314000.0,"reference":"မဂၤလာ","deptCode":"001-0001","compCode":"0010010","tranSource":"SALE","srcAccName":"ေန့စဥ္ေငြစာရင္း","accName":"Sale Income","deptUsrCode":"H","refNo":"0200011-1022"},{"glCode":"098102200000046","formatDate":"01/10/2022","glDate":"Saturday, October 1, 2022 at 12:00:00 AM Myanmar Time","description":"Sale Voucher Paid","sourceAcId":"001-00034","accCode":"002-00002","curCode":"MMK","drAmt":350000.0,"reference":"ေဒၚခင္စန္း၀င္း","deptCode":"001-0001","compCode":"0010010","tranSource":"SALE","srcAccName":"ေန့စဥ္ေငြစာရင္း","accName":"Sale Income","deptUsrCode":"H","refNo":"0200012-1022"},{"glCode":"098102200000047","formatDate":"01/10/2022","glDate":"Saturday, October 1, 2022 at 12:00:00 AM Myanmar Time","description":"Sale Voucher Paid","sourceAcId":"001-00034","accCode":"002-00002","curCode":"MMK","drAmt":75000.0,"reference":"ဖူးပြင့္စံ","deptCode":"001-0001","compCode":"0010010","tranSource":"SALE","srcAccName":"ေန့စဥ္ေငြစာရင္း","accName":"Sale Income","deptUsrCode":"H","refNo":"0200013-1022"},{"glCode":"098102200000048","formatDate":"01/10/2022","glDate":"Saturday, October 1, 2022 at 12:00:00 AM Myanmar Time","description":"Sale Voucher Paid","sourceAcId":"001-00034","accCode":"002-00002","curCode":"MMK","drAmt":166000.0,"reference":"မဥမၼာ","deptCode":"001-0001","compCode":"0010010","tranSource":"SALE","srcAccName":"ေန့စဥ္ေငြစာရင္း","accName":"Sale Income","deptUsrCode":"H","refNo":"0200014-1022"},{"glCode":"098102200000049","formatDate":"01/10/2022","glDate":"Saturday, October 1, 2022 at 12:00:00 AM Myanmar Time","description":"Sale Voucher Paid","sourceAcId":"001-00034","accCode":"002-00002","curCode":"MMK","drAmt":60000.0,"reference":"အန္တီလဲ့","deptCode":"001-0001","compCode":"0010010","tranSource":"SALE","srcAccName":"ေန့စဥ္ေငြစာရင္း","accName":"Sale Income","deptUsrCode":"H","refNo":"0200015-1022"},{"glCode":"002102200000005","formatDate":"03/10/2022","glDate":"Monday, October 3, 2022 at 12:00:00 AM Myanmar Time","description":"စကူ","sourceAcId":"001-00034","accCode":"001-00053","curCode":"MMK","crAmt":500.0,"deptCode":"001-0001","compCode":"0010010","tranSource":"CB","srcAccName":"ေန့စဥ္ေငြစာရင္း","accName":"General Expenses","deptUsrCode":"H"},{"glCode":"002102200000006","formatDate":"03/10/2022","glDate":"Monday, October 3, 2022 at 12:00:00 AM Myanmar Time","description":"ဆီျဖည့္","sourceAcId":"001-00034","accCode":"001-00441","curCode":"MMK","crAmt":40000.0,"deptCode":"001-0001","compCode":"0010010","tranSource":"CB","srcAccName":"ေန့စဥ္ေငြစာရင္း","accName":"9M-6003 (Fuel) Expenses","deptUsrCode":"H"},{"glCode":"002102200000007","formatDate":"03/10/2022","glDate":"Monday, October 3, 2022 at 12:00:00 AM Myanmar Time","description":"ဂိတ္၀င္ေၾကး (M)","sourceAcId":"001-00034","accCode":"002-00020","curCode":"MMK","crAmt":500.0,"deptCode":"001-0001","compCode":"0010010","tranSource":"CB","srcAccName":"ေန့စဥ္ေငြစာရင္း","accName":"Car Packing \u0026 Toll Fees","deptUsrCode":"H"},{"glCode":"002102200000008","formatDate":"03/10/2022","glDate":"Monday, October 3, 2022 at 12:00:00 AM Myanmar Time","description":"Company နာမည္ဆိုင္းဘုတ္","sourceAcId":"001-00034","accCode":"001-00053","curCode":"MMK","crAmt":25000.0,"deptCode":"001-0001","compCode":"0010010","tranSource":"CB","srcAccName":"ေန့စဥ္ေငြစာရင္း","accName":"General Expenses","deptUsrCode":"H"},{"glCode":"098102200000030","formatDate":"03/10/2022","glDate":"Monday, October 3, 2022 at 12:00:00 AM Myanmar Time","description":"Sale Voucher Discount","sourceAcId":"001-00034","accCode":"002-00003","curCode":"MMK","crAmt":19240.0,"reference":"ၫြန္႔ (စတိုး)","deptCode":"001-0001","traderCode":"CUS000184","compCode":"0010010","tranSource":"SALE","srcAccName":"ေန့စဥ္ေငြစာရင္း","accName":"Discount Allowed","deptUsrCode":"H","traderName":"Cash Down","refNo":"0200004-1022"},{"glCode":"098102200000031","formatDate":"03/10/2022","glDate":"Monday, October 3, 2022 at 12:00:00 AM Myanmar Time","description":"Sale Voucher Paid","sourceAcId":"001-00034","accCode":"002-00002","curCode":"MMK","drAmt":962000.0,"reference":"ၫြန္႔ (စတိုး)","deptCode":"001-0001","compCode":"0010010","tranSource":"SALE","srcAccName":"ေန့စဥ္ေငြစာရင္း","accName":"Sale Income","deptUsrCode":"H","refNo":"0200004-1022"},{"glCode":"098102200000034","formatDate":"03/10/2022","glDate":"Monday, October 3, 2022 at 12:00:00 AM Myanmar Time","description":"Sale Voucher Discount","sourceAcId":"001-00034","accCode":"002-00003","curCode":"MMK","crAmt":19530.0,"reference":"တိမ္တံခြန္","deptCode":"001-0001","traderCode":"CUS000184","compCode":"0010010","tranSource":"SALE","srcAccName":"ေန့စဥ္ေငြစာရင္း","accName":"Discount Allowed","deptUsrCode":"H","traderName":"Cash Down","refNo":"0200005-1022"},{"glCode":"098102200000035","formatDate":"03/10/2022","glDate":"Monday, October 3, 2022 at 12:00:00 AM Myanmar Time","description":"Sale Voucher Paid","sourceAcId":"001-00034","accCode":"002-00002","curCode":"MMK","drAmt":976500.0,"reference":"တိမ္တံခြန္","deptCode":"001-0001","compCode":"0010010","tranSource":"SALE","srcAccName":"ေန့စဥ္ေငြစာရင္း","accName":"Sale Income","deptUsrCode":"H","refNo":"0200005-1022"},{"glCode":"098102200000041","formatDate":"03/10/2022","glDate":"Monday, October 3, 2022 at 12:00:00 AM Myanmar Time","description":"Sale Voucher Paid","sourceAcId":"001-00034","accCode":"002-00002","curCode":"MMK","drAmt":20500.0,"reference":"Speed Jet","deptCode":"001-0001","compCode":"0010010","tranSource":"SALE","srcAccName":"ေန့စဥ္ေငြစာရင္း","accName":"Sale Income","deptUsrCode":"H","refNo":"0200008-1022"},{"glCode":"098102200000050","formatDate":"03/10/2022","glDate":"Monday, October 3, 2022 at 12:00:00 AM Myanmar Time","description":"Sale Voucher Paid","sourceAcId":"001-00034","accCode":"002-00002","curCode":"MMK","drAmt":147000.0,"reference":"ၿဖိဳးခတ္","deptCode":"001-0001","compCode":"0010010","tranSource":"SALE","srcAccName":"ေန့စဥ္ေငြစာရင္း","accName":"Sale Income","deptUsrCode":"H","refNo":"0200016-1022"},{"glCode":"098102200000051","formatDate":"03/10/2022","glDate":"Monday, October 3, 2022 at 12:00:00 AM Myanmar Time","description":"Sale Voucher Paid","sourceAcId":"001-00034","accCode":"002-00002","curCode":"MMK","drAmt":127800.0,"reference":"ျခေသၤ့","deptCode":"001-0001","compCode":"0010010","tranSource":"SALE","srcAccName":"ေန့စဥ္ေငြစာရင္း","accName":"Sale Income","deptUsrCode":"H","refNo":"0200017-1022"},{"glCode":"098102200000052","formatDate":"03/10/2022","glDate":"Monday, October 3, 2022 at 12:00:00 AM Myanmar Time","description":"Sale Voucher Paid","sourceAcId":"001-00034","accCode":"002-00002","curCode":"MMK","drAmt":195500.0,"reference":"ျပည့္စံု","deptCode":"001-0001","compCode":"0010010","tranSource":"SALE","srcAccName":"ေန့စဥ္ေငြစာရင္း","accName":"Sale Income","deptUsrCode":"H","refNo":"0200018-1022"},{"glCode":"002102200000009","formatDate":"04/10/2022","glDate":"Tuesday, October 4, 2022 at 12:00:00 AM Myanmar Time","description":"စက္ျပင္ဆရာ (9/22)","sourceAcId":"001-00034","accCode":"002-00021","curCode":"MMK","crAmt":60000.0,"deptCode":"001-0001","compCode":"0010010","tranSource":"CB","srcAccName":"ေန့စဥ္ေငြစာရင္း","accName":"စက္ျပင္စရိတ္","deptUsrCode":"H"},{"glCode":"002102200000010","formatDate":"04/10/2022","glDate":"Tuesday, October 4, 2022 at 12:00:00 AM Myanmar Time","description":"ေရသန္႔ဗူး (20pcsx600)","sourceAcId":"001-00034","accCode":"001-00125","curCode":"MMK","crAmt":12000.0,"deptCode":"001-0001","compCode":"0010010","tranSource":"CB","srcAccName":"ေန့စဥ္ေငြစာရင္း","accName":"Drinking Water","deptUsrCode":"H"},{"glCode":"002102200000011","formatDate":"04/10/2022","glDate":"Tuesday, October 4, 2022 at 12:00:00 AM Myanmar Time","description":"စက္မႈဇုန္ရန္ပံုေငြ","sourceAcId":"001-00034","accCode":"001-00053","curCode":"MMK","crAmt":15000.0,"deptCode":"001-0001","compCode":"0010010","tranSource":"CB","srcAccName":"ေန့စဥ္ေငြစာရင္း","accName":"General Expenses","deptUsrCode":"H"},{"glCode":"002102200000012","formatDate":"04/10/2022","glDate":"Tuesday, October 4, 2022 at 12:00:00 AM Myanmar Time","description":"Target Payment (9/22)","sourceAcId":"001-00034","accCode":"001-00103","curCode":"MMK","crAmt":477110.0,"deptCode":"001-0001","compCode":"0010010","tranSource":"CB","srcAccName":"ေန့စဥ္ေငြစာရင္း","accName":"Bonus","deptUsrCode":"H"},{"glCode":"002102200000013","formatDate":"04/10/2022","glDate":"Tuesday, October 4, 2022 at 12:00:00 AM Myanmar Time","description":"CCTV Servicing","sourceAcId":"001-00034","accCode":"001-00054","curCode":"MMK","crAmt":283700.0,"deptCode":"001-0001","compCode":"0010010","tranSource":"CB","srcAccName":"ေန့စဥ္ေငြစာရင္း","accName":"General Maintenance","deptUsrCode":"H"},{"glCode":"098102200000043","formatDate":"04/10/2022","glDate":"Tuesday, October 4, 2022 at 12:00:00 AM Myanmar Time","description":"Sale Voucher Paid","sourceAcId":"001-00034","accCode":"002-00002","curCode":"MMK","drAmt":492000.0,"reference":"ေအာင္နန္းသစ္","deptCode":"001-0001","compCode":"0010010","tranSource":"SALE","srcAccName":"ေန့စဥ္ေငြစာရင္း","accName":"Sale Income","deptUsrCode":"H","refNo":"0200009-1022"},{"glCode":"002102200000014","formatDate":"05/10/2022","glDate":"Wednesday, October 5, 2022 at 12:00:00 AM Myanmar Time","description":"ဓာတ္ခဲ (4pcsx300)","sourceAcId":"001-00034","accCode":"001-00053","curCode":"MMK","crAmt":1200.0,"deptCode":"001-0001","compCode":"0010010","tranSource":"CB","srcAccName":"ေန့စဥ္ေငြစာရင္း","accName":"General Expenses","deptUsrCode":"H"},{"glCode":"002102200000015","formatDate":"05/10/2022","glDate":"Wednesday, October 5, 2022 at 12:00:00 AM Myanmar Time","description":"ဆီျဖည့္ (6F-8222)","sourceAcId":"001-00034","accCode":"001-00443","curCode":"MMK","crAmt":40000.0,"deptCode":"001-0001","compCode":"0010010","tranSource":"CB","srcAccName":"ေန့စဥ္ေငြစာရင္း","accName":"6F-8222 (Fuel) Expenses","deptUsrCode":"H"},{"glCode":"002102200000016","formatDate":"05/10/2022","glDate":"Wednesday, October 5, 2022 at 12:00:00 AM Myanmar Time","description":"၀န္ထမ္းလစာႀကိဳတင္ေငြ","sourceAcId":"001-00034","accCode":"001-00048","curCode":"MMK","crAmt":80000.0,"deptCode":"001-0001","compCode":"0010010","tranSource":"CB","srcAccName":"ေန့စဥ္ေငြစာရင္း","accName":"Wages \u0026 Salaries","deptUsrCode":"H"},{"glCode":"002102200000017","formatDate":"05/10/2022","glDate":"Wednesday, October 5, 2022 at 12:00:00 AM Myanmar Time","description":"၀န္ထမ္းထမင္းစရိတ္","sourceAcId":"001-00034","accCode":"001-00049","curCode":"MMK","crAmt":3000.0,"deptCode":"001-0001","compCode":"0010010","tranSource":"CB","srcAccName":"ေန့စဥ္ေငြစာရင္း","accName":"Meals Expenses","deptUsrCode":"H"},{"glCode":"098102200000053","formatDate":"05/10/2022","glDate":"Wednesday, October 5, 2022 at 12:00:00 AM Myanmar Time","description":"Sale Voucher Paid","sourceAcId":"001-00034","accCode":"002-00002","curCode":"MMK","drAmt":165000.0,"reference":"တင္ထိပ္ထား","deptCode":"001-0001","compCode":"0010010","tranSource":"SALE","srcAccName":"ေန့စဥ္ေငြစာရင္း","accName":"Sale Income","deptUsrCode":"H","refNo":"0200019-1022"},{"glCode":"098102200000054","formatDate":"05/10/2022","glDate":"Wednesday, October 5, 2022 at 12:00:00 AM Myanmar Time","description":"Sale Voucher Paid","sourceAcId":"001-00034","accCode":"002-00002","curCode":"MMK","drAmt":132000.0,"reference":"ၿငိမ္းခ်မ္းသူ","deptCode":"001-0001","compCode":"0010010","tranSource":"SALE","srcAccName":"ေန့စဥ္ေငြစာရင္း","accName":"Sale Income","deptUsrCode":"H","refNo":"0200020-1022"},{"glCode":"098102200000055","formatDate":"05/10/2022","glDate":"Wednesday, October 5, 2022 at 12:00:00 AM Myanmar Time","description":"Sale Voucher Paid","sourceAcId":"001-00034","accCode":"002-00002","curCode":"MMK","drAmt":192000.0,"reference":"ၾကယ္မင္း","deptCode":"001-0001","compCode":"0010010","tranSource":"SALE","srcAccName":"ေန့စဥ္ေငြစာရင္း","accName":"Sale Income","deptUsrCode":"H","refNo":"0200021-1022"},{"glCode":"098102200000056","formatDate":"05/10/2022","glDate":"Wednesday, October 5, 2022 at 12:00:00 AM Myanmar Time","description":"Sale Voucher Paid","sourceAcId":"001-00034","accCode":"002-00002","curCode":"MMK","drAmt":162000.0,"reference":"Point","deptCode":"001-0001","compCode":"0010010","tranSource":"SALE","srcAccName":"ေန့စဥ္ေငြစာရင္း","accName":"Sale Income","deptUsrCode":"H","refNo":"0200022-1022"},{"glCode":"098102200000074","formatDate":"05/10/2022","glDate":"Wednesday, October 5, 2022 at 12:00:00 AM Myanmar Time","description":"Sale Voucher Discount","sourceAcId":"001-00034","accCode":"002-00003","curCode":"MMK","crAmt":32600.0,"reference":"Shwe Phoo","deptCode":"001-0001","traderCode":"CUS000184","compCode":"0010010","tranSource":"SALE","srcAccName":"ေန့စဥ္ေငြစာရင္း","accName":"Discount Allowed","deptUsrCode":"H","traderName":"Cash Down","refNo":"0200039-1022"},{"glCode":"098102200000075","formatDate":"05/10/2022","glDate":"Wednesday, October 5, 2022 at 12:00:00 AM Myanmar Time","description":"Sale Voucher Paid","sourceAcId":"001-00034","accCode":"002-00002","curCode":"MMK","drAmt":1630000.0,"reference":"Shwe Phoo","deptCode":"001-0001","compCode":"0010010","tranSource":"SALE","srcAccName":"ေန့စဥ္ေငြစာရင္း","accName":"Sale Income","deptUsrCode":"H","refNo":"0200039-1022"},{"glCode":"098102200000076","formatDate":"05/10/2022","glDate":"Wednesday, October 5, 2022 at 12:00:00 AM Myanmar Time","description":"Sale Voucher Paid","sourceAcId":"001-00034","accCode":"002-00002","curCode":"MMK","drAmt":35000.0,"reference":"ၾကက္ျခံ","deptCode":"001-0001","compCode":"0010010","tranSource":"SALE","srcAccName":"ေန့စဥ္ေငြစာရင္း","accName":"Sale Income","deptUsrCode":"H","refNo":"0200040-1022"},{"glCode":"098102200000078","formatDate":"05/10/2022","glDate":"Wednesday, October 5, 2022 at 12:00:00 AM Myanmar Time","description":"Sale Voucher Paid","sourceAcId":"001-00034","accCode":"002-00002","curCode":"MMK","drAmt":132000.0,"reference":"Smile Online Shop","deptCode":"001-0001","compCode":"0010010","tranSource":"SALE","srcAccName":"ေန့စဥ္ေငြစာရင္း","accName":"Sale Income","deptUsrCode":"H","refNo":"0200042-1022"},{"glCode":"002102200000002","formatDate":"06/10/2022","glDate":"Thursday, October 6, 2022 at 12:00:00 AM Myanmar Time","description":"Ph Bill (Marketing)","sourceAcId":"001-00034","accCode":"001-00047","curCode":"MMK","crAmt":5000.0,"deptCode":"001-0001","compCode":"0010010","tranSource":"CB","srcAccName":"ေန့စဥ္ေငြစာရင္း","accName":"Telephone Bill","deptUsrCode":"H"},{"glCode":"002102200000018","formatDate":"06/10/2022","glDate":"Thursday, October 6, 2022 at 12:00:00 AM Myanmar Time","description":"စည္ပင္","sourceAcId":"001-00034","accCode":"001-00053","curCode":"MMK","crAmt":2000.0,"deptCode":"001-0001","compCode":"0010010","tranSource":"CB","srcAccName":"ေန့စဥ္ေငြစာရင္း","accName":"General Expenses","deptUsrCode":"H"},{"glCode":"002102200000019","formatDate":"06/10/2022","glDate":"Thursday, October 6, 2022 at 12:00:00 AM Myanmar Time","description":"ဆီျဖည့္","sourceAcId":"001-00034","accCode":"001-00441","curCode":"MMK","crAmt":40000.0,"deptCode":"001-0001","compCode":"0010010","tranSource":"CB","srcAccName":"ေန့စဥ္ေငြစာရင္း","accName":"9M-6003 (Fuel) Expenses","deptUsrCode":"H"},{"glCode":"098102200000057","formatDate":"06/10/2022","glDate":"Thursday, October 6, 2022 at 12:00:00 AM Myanmar Time","description":"Sale Voucher Paid","sourceAcId":"001-00034","accCode":"002-00002","curCode":"MMK","drAmt":362500.0,"reference":"ေရႊဖူး","deptCode":"001-0001","compCode":"0010010","tranSource":"SALE","srcAccName":"ေန့စဥ္ေငြစာရင္း","accName":"Sale Income","deptUsrCode":"H","refNo":"0200023-1022"},{"glCode":"098102200000082","formatDate":"06/10/2022","glDate":"Thursday, October 6, 2022 at 12:00:00 AM Myanmar Time","description":"Sale Voucher Discount","sourceAcId":"001-00034","accCode":"002-00003","curCode":"MMK","crAmt":9500.0,"reference":"မယဥ္မိုး","deptCode":"001-0001","traderCode":"CUS000184","compCode":"0010010","tranSource":"SALE","srcAccName":"ေန့စဥ္ေငြစာရင္း","accName":"Discount Allowed","deptUsrCode":"H","traderName":"Cash Down","refNo":"0200044-1022"},{"glCode":"098102200000083","formatDate":"06/10/2022","glDate":"Thursday, October 6, 2022 at 12:00:00 AM Myanmar Time","description":"Sale Voucher Paid","sourceAcId":"001-00034","accCode":"002-00002","curCode":"MMK","drAmt":132500.0,"reference":"မယဥ္မိုး","deptCode":"001-0001","compCode":"0010010","tranSource":"SALE","srcAccName":"ေန့စဥ္ေငြစာရင္း","accName":"Sale Income","deptUsrCode":"H","refNo":"0200044-1022"},{"glCode":"002102200000020","formatDate":"07/10/2022","glDate":"Friday, October 7, 2022 at 12:00:00 AM Myanmar Time","description":"CV-4753","sourceAcId":"001-00034","accCode":"001-00038","curCode":"MMK","drAmt":1352400.0,"deptCode":"001-0001","traderCode":"CUS000008","compCode":"0010010","tranSource":"CB","srcAccName":"ေန့စဥ္ေငြစာရင္း","accName":"Receivable (Debtors)","deptUsrCode":"H","traderName":"KYK"},{"glCode":"002102200000021","formatDate":"07/10/2022","glDate":"Friday, October 7, 2022 at 12:00:00 AM Myanmar Time","description":"ဆန္","sourceAcId":"001-00034","accCode":"001-00049","curCode":"MMK","crAmt":45500.0,"deptCode":"001-0001","compCode":"0010010","tranSource":"CB","srcAccName":"ေန့စဥ္ေငြစာရင္း","accName":"Meals Expenses","deptUsrCode":"H"},{"glCode":"002102200000022","formatDate":"07/10/2022","glDate":"Friday, October 7, 2022 at 12:00:00 AM Myanmar Time","description":"ဧည့္ခံစရိတ္ (Software ဆရာ ၂ဦး)","sourceAcId":"001-00034","accCode":"001-00059","curCode":"MMK","crAmt":12500.0,"deptCode":"001-0001","compCode":"0010010","tranSource":"CB","srcAccName":"ေန့စဥ္ေငြစာရင္း","accName":"ဧည့္ခံစရိတ္","deptUsrCode":"H"},{"glCode":"002102200000023","formatDate":"07/10/2022","glDate":"Friday, October 7, 2022 at 12:00:00 AM Myanmar Time","description":"မီးလံုး+ေရပိုက္ေခါင္း+ပလပ္ခံု","sourceAcId":"001-00034","accCode":"001-00053","curCode":"MMK","crAmt":12000.0,"deptCode":"001-0001","compCode":"0010010","tranSource":"CB","srcAccName":"ေန့စဥ္ေငြစာရင္း","accName":"General Expenses","deptUsrCode":"H"},{"glCode":"002102200000024","formatDate":"07/10/2022","glDate":"Friday, October 7, 2022 at 12:00:00 AM Myanmar Time","description":"ဂိတ္၀င္ေၾကး","sourceAcId":"001-00034","accCode":"002-00020","curCode":"MMK","crAmt":200.0,"deptCode":"001-0001","compCode":"0010010","tranSource":"CB","srcAccName":"ေန့စဥ္ေငြစာရင္း","accName":"Car Packing \u0026 Toll Fees","deptUsrCode":"H"},{"glCode":"002102200000025","formatDate":"07/10/2022","glDate":"Friday, October 7, 2022 at 12:00:00 AM Myanmar Time","description":"ကုန္ဖိုးအပ္ေငြ","sourceAcId":"001-00034","accCode":"002-00013","curCode":"MMK","crAmt":1.0E7,"deptCode":"001-0001","compCode":"0010010","tranSource":"CB","srcAccName":"ေန့စဥ္ေငြစာရင္း","accName":"AYA Special (Ma Sandar Lin)","deptUsrCode":"H"},{"glCode":"002102200000026","formatDate":"07/10/2022","glDate":"Friday, October 7, 2022 at 12:00:00 AM Myanmar Time","description":"ေရသန္႔ဗူး (10pcsx600)","sourceAcId":"001-00034","accCode":"001-00125","curCode":"MMK","crAmt":6000.0,"deptCode":"001-0001","compCode":"0010010","tranSource":"CB","srcAccName":"ေန့စဥ္ေငြစာရင္း","accName":"Drinking Water","deptUsrCode":"H"},{"glCode":"002102200000027","formatDate":"07/10/2022","glDate":"Friday, October 7, 2022 at 12:00:00 AM Myanmar Time","description":"ဂိတ္၀င္ေၾကး (M)","sourceAcId":"001-00034","accCode":"002-00020","curCode":"MMK","crAmt":1000.0,"deptCode":"001-0001","compCode":"0010010","tranSource":"CB","srcAccName":"ေန့စဥ္ေငြစာရင္း","accName":"Car Packing \u0026 Toll Fees","deptUsrCode":"H"},{"glCode":"002102200000028","formatDate":"07/10/2022","glDate":"Friday, October 7, 2022 at 12:00:00 AM Myanmar Time","description":"၀န္ထမ္းလစာႀကိဳတင္ေငြ","sourceAcId":"001-00034","accCode":"001-00048","curCode":"MMK","crAmt":20000.0,"deptCode":"001-0001","compCode":"0010010","tranSource":"CB","srcAccName":"ေန့စဥ္ေငြစာရင္း","accName":"Wages \u0026 Salaries","deptUsrCode":"H"},{"glCode":"098102200000058","formatDate":"07/10/2022","glDate":"Friday, October 7, 2022 at 12:00:00 AM Myanmar Time","description":"Sale Voucher Discount","sourceAcId":"001-00034","accCode":"002-00003","curCode":"MMK","crAmt":14760.0,"reference":"ဦးသန္းလိႈင္","deptCode":"001-0001","traderCode":"CUS000184","compCode":"0010010","tranSource":"SALE","srcAccName":"ေန့စဥ္ေငြစာရင္း","accName":"Discount Allowed","deptUsrCode":"H","traderName":"Cash Down","refNo":"0200024-1022"},{"glCode":"098102200000059","formatDate":"07/10/2022","glDate":"Friday, October 7, 2022 at 12:00:00 AM Myanmar Time","description":"Sale Voucher Paid","sourceAcId":"001-00034","accCode":"002-00002","curCode":"MMK","drAmt":738000.0,"reference":"ဦးသန္းလိႈင္","deptCode":"001-0001","compCode":"0010010","tranSource":"SALE","srcAccName":"ေန့စဥ္ေငြစာရင္း","accName":"Sale Income","deptUsrCode":"H","refNo":"0200024-1022"},{"glCode":"098102200000060","formatDate":"07/10/2022","glDate":"Friday, October 7, 2022 at 12:00:00 AM Myanmar Time","description":"Sale Voucher Paid","sourceAcId":"001-00034","accCode":"002-00002","curCode":"MMK","drAmt":360000.0,"reference":"ျမျမင့္မိုရ္","deptCode":"001-0001","compCode":"0010010","tranSource":"SALE","srcAccName":"ေန့စဥ္ေငြစာရင္း","accName":"Sale Income","deptUsrCode":"H","refNo":"0200025-1022"},{"glCode":"098102200000061","formatDate":"07/10/2022","glDate":"Friday, October 7, 2022 at 12:00:00 AM Myanmar Time","description":"Sale Voucher Paid","sourceAcId":"001-00034","accCode":"002-00002","curCode":"MMK","drAmt":353500.0,"reference":"စိတ္ႀကိဳက္ေရြး","deptCode":"001-0001","compCode":"0010010","tranSource":"SALE","srcAccName":"ေန့စဥ္ေငြစာရင္း","accName":"Sale Income","deptUsrCode":"H","refNo":"0200026-1022"},{"glCode":"098102200000062","formatDate":"07/10/2022","glDate":"Friday, October 7, 2022 at 12:00:00 AM Myanmar Time","description":"Sale Voucher Paid","sourceAcId":"001-00034","accCode":"002-00002","curCode":"MMK","drAmt":420000.0,"reference":"ေကာင္းႂကြယ္","deptCode":"001-0001","compCode":"0010010","tranSource":"SALE","srcAccName":"ေန့စဥ္ေငြစာရင္း","accName":"Sale Income","deptUsrCode":"H","refNo":"0200027-1022"},{"glCode":"098102200000063","formatDate":"07/10/2022","glDate":"Friday, October 7, 2022 at 12:00:00 AM Myanmar Time","description":"Sale Voucher Paid","sourceAcId":"001-00034","accCode":"002-00002","curCode":"MMK","drAmt":57000.0,"reference":"ေဒၚၾကည္","deptCode":"001-0001","compCode":"0010010","tranSource":"SALE","srcAccName":"ေန့စဥ္ေငြစာရင္း","accName":"Sale Income","deptUsrCode":"H","refNo":"0200028-1022"},{"glCode":"098102200000064","formatDate":"07/10/2022","glDate":"Friday, October 7, 2022 at 12:00:00 AM Myanmar Time","description":"Sale Voucher Paid","sourceAcId":"001-00034","accCode":"002-00002","curCode":"MMK","drAmt":77000.0,"reference":"ထြန္း","deptCode":"001-0001","compCode":"0010010","tranSource":"SALE","srcAccName":"ေန့စဥ္ေငြစာရင္း","accName":"Sale Income","deptUsrCode":"H","refNo":"0200029-1022"},{"glCode":"098102200000065","formatDate":"07/10/2022","glDate":"Friday, October 7, 2022 at 12:00:00 AM Myanmar Time","description":"Sale Voucher Paid","sourceAcId":"001-00034","accCode":"002-00002","curCode":"MMK","drAmt":614000.0,"reference":"ေဒၚျမင့္ျမင့္သန္း","deptCode":"001-0001","compCode":"0010010","tranSource":"SALE","srcAccName":"ေန့စဥ္ေငြစာရင္း","accName":"Sale Income","deptUsrCode":"H","refNo":"0200030-1022"},{"glCode":"098102200000077","formatDate":"07/10/2022","glDate":"Friday, October 7, 2022 at 12:00:00 AM Myanmar Time","description":"Sale Voucher Paid","sourceAcId":"001-00034","accCode":"002-00002","curCode":"MMK","drAmt":540000.0,"reference":"စည္းစိမ္ႂကြယ္ (ပဲခူး)","deptCode":"001-0001","compCode":"0010010","tranSource":"SALE","srcAccName":"ေန့စဥ္ေငြစာရင္း","accName":"Sale Income","deptUsrCode":"H","refNo":"0200041-1022"},{"glCode":"002102200000031","formatDate":"10/10/2022","glDate":"Monday, October 10, 2022 at 12:00:00 AM Myanmar Time","description":"ဆီျဖည့္","sourceAcId":"001-00034","accCode":"001-00442","curCode":"MMK","crAmt":40000.0,"deptCode":"001-0001","compCode":"0010010","tranSource":"CB","srcAccName":"ေန့စဥ္ေငြစာရင္း","accName":"2M-3922 (Fuel) Expenses","deptUsrCode":"H"},{"glCode":"002102200000032","formatDate":"10/10/2022","glDate":"Monday, October 10, 2022 at 12:00:00 AM Myanmar Time","description":"အေအး","sourceAcId":"001-00034","accCode":"001-00049","curCode":"MMK","crAmt":10000.0,"deptCode":"001-0001","compCode":"0010010","tranSource":"CB","srcAccName":"ေန့စဥ္ေငြစာရင္း","accName":"Meals Expenses","deptUsrCode":"H"},{"glCode":"002102200000033","formatDate":"10/10/2022","glDate":"Monday, October 10, 2022 at 12:00:00 AM Myanmar Time","description":"အကယ္ဒမီ (ေဂ်းခြ်တ္ေဆး)","sourceAcId":"001-00034","accCode":"001-00133","curCode":"MMK","crAmt":2500.0,"deptCode":"001-0001","compCode":"0010010","tranSource":"CB","srcAccName":"ေန့စဥ္ေငြစာရင္း","accName":"Cleaning Expenses","deptUsrCode":"H"},{"glCode":"002102200000034","formatDate":"10/10/2022","glDate":"Monday, October 10, 2022 at 12:00:00 AM Myanmar Time","description":"Brush (2pcsx700)","sourceAcId":"001-00034","accCode":"001-00133","curCode":"MMK","crAmt":1400.0,"deptCode":"001-0001","compCode":"0010010","tranSource":"CB","srcAccName":"ေန့စဥ္ေငြစာရင္း","accName":"Cleaning Expenses","deptUsrCode":"H"},{"glCode":"002102200000035","formatDate":"10/10/2022","glDate":"Monday, October 10, 2022 at 12:00:00 AM Myanmar Time","description":"ဂိတ္၀င္ေၾကး","sourceAcId":"001-00034","accCode":"002-00020","curCode":"MMK","crAmt":200.0,"deptCode":"001-0001","compCode":"0010010","tranSource":"CB","srcAccName":"ေန့စဥ္ေငြစာရင္း","accName":"Car Packing \u0026 Toll Fees","deptUsrCode":"H"},{"glCode":"098102200000066","formatDate":"10/10/2022","glDate":"Monday, October 10, 2022 at 12:00:00 AM Myanmar Time","description":"Sale Voucher Paid","sourceAcId":"001-00034","accCode":"002-00002","curCode":"MMK","drAmt":525000.0,"reference":"ပန္းျမင့္မိုရ္","deptCode":"001-0001","compCode":"0010010","tranSource":"SALE","srcAccName":"ေန့စဥ္ေငြစာရင္း","accName":"Sale Income","deptUsrCode":"H","refNo":"0200031-1022"},{"glCode":"098102200000086","formatDate":"10/10/2022","glDate":"Monday, October 10, 2022 at 12:00:00 AM Myanmar Time","description":"Sale Voucher Paid","sourceAcId":"001-00034","accCode":"002-00002","curCode":"MMK","drAmt":420000.0,"reference":"DI Fashion","deptCode":"001-0001","compCode":"0010010","tranSource":"SALE","srcAccName":"ေန့စဥ္ေငြစာရင္း","accName":"Sale Income","deptUsrCode":"H","refNo":"0200047-1022"},{"glCode":"002102200000036","formatDate":"11/10/2022","glDate":"Tuesday, October 11, 2022 at 12:00:00 AM Myanmar Time","description":"ဂိတ္၀င္ေၾကး","sourceAcId":"001-00034","accCode":"002-00020","curCode":"MMK","crAmt":200.0,"deptCode":"001-0001","compCode":"0010010","tranSource":"CB","srcAccName":"ေန့စဥ္ေငြစာရင္း","accName":"Car Packing \u0026 Toll Fees","deptUsrCode":"H"},{"glCode":"002102200000038","formatDate":"11/10/2022","glDate":"Tuesday, October 11, 2022 at 12:00:00 AM Myanmar Time","description":"တံျမက္စည္း (3pcsx1300)","sourceAcId":"001-00034","accCode":"001-00133","curCode":"MMK","crAmt":3900.0,"deptCode":"001-0001","compCode":"0010010","tranSource":"CB","srcAccName":"ေန့စဥ္ေငြစာရင္း","accName":"Cleaning Expenses","deptUsrCode":"H"},{"glCode":"002102200000039","formatDate":"11/10/2022","glDate":"Tuesday, October 11, 2022 at 12:00:00 AM Myanmar Time","description":"ဆီထည့္ပံုး","sourceAcId":"001-00034","accCode":"001-00053","curCode":"MMK","crAmt":26000.0,"deptCode":"001-0001","compCode":"0010010","tranSource":"CB","srcAccName":"ေန့စဥ္ေငြစာရင္း","accName":"General Expenses","deptUsrCode":"H"},{"glCode":"002102200000040","formatDate":"11/10/2022","glDate":"Tuesday, October 11, 2022 at 12:00:00 AM Myanmar Time","description":"မုန္႔","sourceAcId":"001-00034","accCode":"001-00049","curCode":"MMK","crAmt":5000.0,"deptCode":"001-0001","compCode":"0010010","tranSource":"CB","srcAccName":"ေန့စဥ္ေငြစာရင္း","accName":"Meals Expenses","deptUsrCode":"H"},{"glCode":"002102200000041","formatDate":"11/10/2022","glDate":"Tuesday, October 11, 2022 at 12:00:00 AM Myanmar Time","description":"ဆီျဖည့္","sourceAcId":"001-00034","accCode":"001-00441","curCode":"MMK","crAmt":30000.0,"deptCode":"001-0001","compCode":"0010010","tranSource":"CB","srcAccName":"ေန့စဥ္ေငြစာရင္း","accName":"9M-6003 (Fuel) Expenses","deptUsrCode":"H"},{"glCode":"002102200000042","formatDate":"12/10/2022","glDate":"Wednesday, October 12, 2022 at 12:00:00 AM Myanmar Time","description":"CV-4756","sourceAcId":"001-00034","accCode":"001-00038","curCode":"MMK","drAmt":1029000.0,"deptCode":"001-0001","traderCode":"CUS000008","compCode":"0010010","tranSource":"CB","srcAccName":"ေန့စဥ္ေငြစာရင္း","accName":"Receivable (Debtors)","deptUsrCode":"H","traderName":"KYK"},{"glCode":"002102200000043","formatDate":"12/10/2022","glDate":"Wednesday, October 12, 2022 at 12:00:00 AM Myanmar Time","description":"ဂိတ္၀င္ေၾကး","sourceAcId":"001-00034","accCode":"002-00020","curCode":"MMK","crAmt":200.0,"deptCode":"001-0001","compCode":"0010010","tranSource":"CB","srcAccName":"ေန့စဥ္ေငြစာရင္း","accName":"Car Packing \u0026 Toll Fees","deptUsrCode":"H"},{"glCode":"002102200000044","formatDate":"12/10/2022","glDate":"Wednesday, October 12, 2022 at 12:00:00 AM Myanmar Time","description":"ေရသန္႔ဗူး (20pcsx600)","sourceAcId":"001-00034","accCode":"001-00125","curCode":"MMK","crAmt":12000.0,"deptCode":"001-0001","compCode":"0010010","tranSource":"CB","srcAccName":"ေန့စဥ္ေငြစာရင္း","accName":"Drinking Water","deptUsrCode":"H"},{"glCode":"002102200000045","formatDate":"12/10/2022","glDate":"Wednesday, October 12, 2022 at 12:00:00 AM Myanmar Time","description":"ဆီျဖည့္","sourceAcId":"001-00034","accCode":"001-00443","curCode":"MMK","crAmt":20000.0,"deptCode":"001-0001","compCode":"0010010","tranSource":"CB","srcAccName":"ေန့စဥ္ေငြစာရင္း","accName":"6F-8222 (Fuel) Expenses","deptUsrCode":"H"},{"glCode":"002102200000049","formatDate":"12/10/2022","glDate":"Wednesday, October 12, 2022 at 12:00:00 AM Myanmar Time","description":"ကုန္ဖိုးအပ္ေငြ","sourceAcId":"002-00016","accCode":"001-00034","curCode":"MMK","drAmt":2110900.0,"crAmt":0.0,"deptCode":"001-0001","compCode":"0010010","tranSource":"CB","srcAccName":"ေန့စဥ္ေငြစာရင္း","accName":"YOMA Special (YHA)","deptUsrCode":"H"},{"glCode":"002102200000053","formatDate":"12/10/2022","glDate":"Wednesday, October 12, 2022 at 12:00:00 AM Myanmar Time","description":"မီးတိပ္","sourceAcId":"001-00034","accCode":"001-00053","curCode":"MMK","crAmt":2000.0,"deptCode":"001-0001","compCode":"0010010","tranSource":"CB","srcAccName":"ေန့စဥ္ေငြစာရင္း","accName":"General Expenses","deptUsrCode":"H"},{"glCode":"098102200000090","formatDate":"12/10/2022","glDate":"Wednesday, October 12, 2022 at 12:00:00 AM Myanmar Time","description":"Sale Voucher Paid","sourceAcId":"001-00034","accCode":"002-00002","curCode":"MMK","drAmt":117500.0,"reference":"ေခါင္းရင္းျခံ","deptCode":"001-0001","compCode":"0010010","tranSource":"SALE","srcAccName":"ေန့စဥ္ေငြစာရင္း","accName":"Sale Income","deptUsrCode":"H","refNo":"0200051-1022"},{"glCode":"098102200000091","formatDate":"12/10/2022","glDate":"Wednesday, October 12, 2022 at 12:00:00 AM Myanmar Time","description":"Sale Voucher Paid","sourceAcId":"001-00034","accCode":"002-00002","curCode":"MMK","drAmt":210000.0,"reference":"ဖိုးလျပည့္","deptCode":"001-0001","compCode":"0010010","tranSource":"SALE","srcAccName":"ေန့စဥ္ေငြစာရင္း","accName":"Sale Income","deptUsrCode":"H","refNo":"0200052-1022"},{"glCode":"002102200000054","formatDate":"13/10/2022","glDate":"Thursday, October 13, 2022 at 12:00:00 AM Myanmar Time","description":"ဆီျဖည့္ (မီးစက္)","sourceAcId":"001-00034","accCode":"001-00505","curCode":"MMK","crAmt":50000.0,"deptCode":"001-0001","compCode":"0010010","tranSource":"CB","srcAccName":"ေန့စဥ္ေငြစာရင္း","accName":"Fuel Expenses","deptUsrCode":"H"},{"glCode":"002102200000055","formatDate":"13/10/2022","glDate":"Thursday, October 13, 2022 at 12:00:00 AM Myanmar Time","description":"ကယ္ရီခ","sourceAcId":"001-00034","accCode":"001-00053","curCode":"MMK","crAmt":1000.0,"deptCode":"001-0001","compCode":"0010010","tranSource":"CB","srcAccName":"ေန့စဥ္ေငြစာရင္း","accName":"General Expenses","deptUsrCode":"H"},{"glCode":"002102200000056","formatDate":"13/10/2022","glDate":"Thursday, October 13, 2022 at 12:00:00 AM Myanmar Time","description":"Uniform စရိတ္","sourceAcId":"001-00034","accCode":"001-00330","curCode":"MMK","crAmt":70000.0,"deptCode":"001-0001","compCode":"0010010","tranSource":"CB","srcAccName":"ေန့စဥ္ေငြစာရင္း","accName":"Uniform Expenses","deptUsrCode":"H"},{"glCode":"002102200000057","formatDate":"13/10/2022","glDate":"Thursday, October 13, 2022 at 12:00:00 AM Myanmar Time","description":"မီတာခ (မ/ဥ) (9/22)","sourceAcId":"001-00034","accCode":"001-00045","curCode":"MMK","crAmt":339850.0,"deptCode":"001-0001","compCode":"0010010","tranSource":"CB","srcAccName":"ေန့စဥ္ေငြစာရင္း","accName":"Electricity Bill","deptUsrCode":"H"},{"glCode":"002102200000058","formatDate":"13/10/2022","glDate":"Thursday, October 13, 2022 at 12:00:00 AM Myanmar Time","description":"ဧည့္စာရင္းတိုင္ခ","sourceAcId":"001-00034","accCode":"001-00053","curCode":"MMK","crAmt":5000.0,"deptCode":"001-0001","compCode":"0010010","tranSource":"CB","srcAccName":"ေန့စဥ္ေငြစာရင္း","accName":"General Expenses","deptUsrCode":"H"},{"glCode":"002102200000059","formatDate":"13/10/2022","glDate":"Thursday, October 13, 2022 at 12:00:00 AM Myanmar Time","description":"၀န္ထမ္းလစာႀကိဳတင္ေငြ","sourceAcId":"001-00034","accCode":"001-00048","curCode":"MMK","crAmt":835000.0,"deptCode":"001-0001","compCode":"0010010","tranSource":"CB","srcAccName":"ေန့စဥ္ေငြစာရင္း","accName":"Wages \u0026 Salaries","deptUsrCode":"H"},{"glCode":"002102200000080","formatDate":"13/10/2022","glDate":"Thursday, October 13, 2022 at 12:00:00 AM Myanmar Time","description":"K pay (SV-5024)","sourceAcId":"001-00034","accCode":"002-00024","curCode":"MMK","crAmt":73500.0,"deptCode":"001-0001","compCode":"0010010","tranSource":"CB","srcAccName":"ေန့စဥ္ေငြစာရင္း","accName":"KBZ Old (YHA)","deptUsrCode":"H"},{"glCode":"098102200000067","formatDate":"13/10/2022","glDate":"Thursday, October 13, 2022 at 12:00:00 AM Myanmar Time","description":"Sale Voucher Paid","sourceAcId":"001-00034","accCode":"002-00002","curCode":"MMK","drAmt":225800.0,"reference":"ခိုင္သစၥာ","deptCode":"001-0001","compCode":"0010010","tranSource":"SALE","srcAccName":"ေန့စဥ္ေငြစာရင္း","accName":"Sale Income","deptUsrCode":"H","refNo":"0200032-1022"},{"glCode":"098102200000068","formatDate":"13/10/2022","glDate":"Thursday, October 13, 2022 at 12:00:00 AM Myanmar Time","description":"Sale Voucher Paid","sourceAcId":"001-00034","accCode":"002-00002","curCode":"MMK","drAmt":189000.0,"reference":"စိတ္ႀကိဳက္ေရြး","deptCode":"001-0001","compCode":"0010010","tranSource":"SALE","srcAccName":"ေန့စဥ္ေငြစာရင္း","accName":"Sale Income","deptUsrCode":"H","refNo":"0200033-1022"},{"glCode":"098102200000096","formatDate":"13/10/2022","glDate":"Thursday, October 13, 2022 at 12:00:00 AM Myanmar Time","description":"Sale Voucher Paid","sourceAcId":"001-00034","accCode":"002-00002","curCode":"MMK","drAmt":73500.0,"reference":"အိအိဝါဆို","deptCode":"001-0001","compCode":"0010010","tranSource":"SALE","srcAccName":"ေန့စဥ္ေငြစာရင္း","accName":"Sale Income","deptUsrCode":"H","refNo":"0200057-1022"},{"glCode":"098102200000097","formatDate":"13/10/2022","glDate":"Thursday, October 13, 2022 at 12:00:00 AM Myanmar Time","description":"Sale Voucher Discount","sourceAcId":"001-00034","accCode":"002-00003","curCode":"MMK","crAmt":14660.0,"reference":"ေအာင္နန္းသစ္","deptCode":"001-0001","traderCode":"CUS000184","compCode":"0010010","tranSource":"SALE","srcAccName":"ေန့စဥ္ေငြစာရင္း","accName":"Discount Allowed","deptUsrCode":"H","traderName":"Cash Down","refNo":"0200058-1022"},{"glCode":"098102200000098","formatDate":"13/10/2022","glDate":"Thursday, October 13, 2022 at 12:00:00 AM Myanmar Time","description":"Sale Voucher Paid","sourceAcId":"001-00034","accCode":"002-00002","curCode":"MMK","drAmt":733000.0,"reference":"ေအာင္နန္းသစ္","deptCode":"001-0001","compCode":"0010010","tranSource":"SALE","srcAccName":"ေန့စဥ္ေငြစာရင္း","accName":"Sale Income","deptUsrCode":"H","refNo":"0200058-1022"},{"glCode":"002102200000060","formatDate":"14/10/2022","glDate":"Friday, October 14, 2022 at 12:00:00 AM Myanmar Time","description":"ဆီျဖည့္","sourceAcId":"001-00034","accCode":"001-00442","curCode":"MMK","crAmt":40000.0,"deptCode":"001-0001","compCode":"0010010","tranSource":"CB","srcAccName":"ေန့စဥ္ေငြစာရင္း","accName":"2M-3922 (Fuel) Expenses","deptUsrCode":"H"},{"glCode":"002102200000061","formatDate":"14/10/2022","glDate":"Friday, October 14, 2022 at 12:00:00 AM Myanmar Time","description":"ဂိတ္၀င္ေၾကး","sourceAcId":"001-00034","accCode":"002-00020","curCode":"MMK","crAmt":700.0,"deptCode":"001-0001","compCode":"0010010","tranSource":"CB","srcAccName":"ေန့စဥ္ေငြစာရင္း","accName":"Car Packing \u0026 Toll Fees","deptUsrCode":"H"},{"glCode":"002102200000062","formatDate":"14/10/2022","glDate":"Friday, October 14, 2022 at 12:00:00 AM Myanmar Time","description":"မီတာခ (မ/ဒဂံု) (9/22)","sourceAcId":"001-00034","accCode":"001-00045","curCode":"MMK","crAmt":10000.0,"deptCode":"001-0001","compCode":"0010010","tranSource":"CB","srcAccName":"ေန့စဥ္ေငြစာရင္း","accName":"Electricity Bill","deptUsrCode":"H"},{"glCode":"002102200000063","formatDate":"14/10/2022","glDate":"Friday, October 14, 2022 at 12:00:00 AM Myanmar Time","description":"ဆီျဖည့္","sourceAcId":"001-00034","accCode":"001-00441","curCode":"MMK","crAmt":40000.0,"deptCode":"001-0001","compCode":"0010010","tranSource":"CB","srcAccName":"ေန့စဥ္ေငြစာရင္း","accName":"9M-6003 (Fuel) Expenses","deptUsrCode":"H"},{"glCode":"098102200000069","formatDate":"14/10/2022","glDate":"Friday, October 14, 2022 at 12:00:00 AM Myanmar Time","description":"Sale Voucher Paid","sourceAcId":"001-00034","accCode":"002-00002","curCode":"MMK","drAmt":108000.0,"reference":"ဦးသန္းလိႈင္","deptCode":"001-0001","compCode":"0010010","tranSource":"SALE","srcAccName":"ေန့စဥ္ေငြစာရင္း","accName":"Sale Income","deptUsrCode":"H","refNo":"0200034-1022"},{"glCode":"098102200000070","formatDate":"14/10/2022","glDate":"Friday, October 14, 2022 at 12:00:00 AM Myanmar Time","description":"Sale Voucher Paid","sourceAcId":"001-00034","accCode":"002-00002","curCode":"MMK","drAmt":210000.0,"reference":"မဟန္နီ","deptCode":"001-0001","compCode":"0010010","tranSource":"SALE","srcAccName":"ေန့စဥ္ေငြစာရင္း","accName":"Sale Income","deptUsrCode":"H","refNo":"0200035-1022"},{"glCode":"098102200000071","formatDate":"14/10/2022","glDate":"Friday, October 14, 2022 at 12:00:00 AM Myanmar Time","description":"Sale Voucher Paid","sourceAcId":"001-00034","accCode":"002-00002","curCode":"MMK","drAmt":550000.0,"reference":"ေကာင္းႂကြယ္","deptCode":"001-0001","compCode":"0010010","tranSource":"SALE","srcAccName":"ေန့စဥ္ေငြစာရင္း","accName":"Sale Income","deptUsrCode":"H","refNo":"0200036-1022"},{"glCode":"098102200000072","formatDate":"14/10/2022","glDate":"Friday, October 14, 2022 at 12:00:00 AM Myanmar Time","description":"Sale Voucher Paid","sourceAcId":"001-00034","accCode":"002-00002","curCode":"MMK","drAmt":105000.0,"reference":"မျဖဴသင္း","deptCode":"001-0001","compCode":"0010010","tranSource":"SALE","srcAccName":"ေန့စဥ္ေငြစာရင္း","accName":"Sale Income","deptUsrCode":"H","refNo":"0200037-1022"},{"glCode":"002102200000065","formatDate":"15/10/2022","glDate":"Saturday, October 15, 2022 at 12:00:00 AM Myanmar Time","description":"ဆီျဖည့္","sourceAcId":"001-00034","accCode":"001-00443","curCode":"MMK","crAmt":40000.0,"deptCode":"001-0001","compCode":"0010010","tranSource":"CB","srcAccName":"ေန့စဥ္ေငြစာရင္း","accName":"6F-8222 (Fuel) Expenses","deptUsrCode":"H"},{"glCode":"002102200000066","formatDate":"15/10/2022","glDate":"Saturday, October 15, 2022 at 12:00:00 AM Myanmar Time","description":"ေဆး","sourceAcId":"001-00034","accCode":"001-00155","curCode":"MMK","crAmt":6000.0,"deptCode":"001-0001","compCode":"0010010","tranSource":"CB","srcAccName":"ေန့စဥ္ေငြစာရင္း","accName":"Staff Health Care","deptUsrCode":"H"},{"glCode":"002102200000067","formatDate":"15/10/2022","glDate":"Saturday, October 15, 2022 at 12:00:00 AM Myanmar Time","description":"ဆီျဖည့္ (Manager)","sourceAcId":"001-00034","accCode":"001-00505","curCode":"MMK","crAmt":40000.0,"deptCode":"001-0001","compCode":"0010010","tranSource":"CB","srcAccName":"ေန့စဥ္ေငြစာရင္း","accName":"Fuel Expenses","deptUsrCode":"H"},{"glCode":"002102200000068","formatDate":"15/10/2022","glDate":"Saturday, October 15, 2022 at 12:00:00 AM Myanmar Time","description":"Ph Bill (Manager)","sourceAcId":"001-00034","accCode":"001-00047","curCode":"MMK","crAmt":10000.0,"deptCode":"001-0001","compCode":"0010010","tranSource":"CB","srcAccName":"ေန့စဥ္ေငြစာရင္း","accName":"Telephone Bill","deptUsrCode":"H"},{"glCode":"002102200000069","formatDate":"15/10/2022","glDate":"Saturday, October 15, 2022 at 12:00:00 AM Myanmar Time","description":"အေအး","sourceAcId":"001-00034","accCode":"001-00049","curCode":"MMK","crAmt":11500.0,"deptCode":"001-0001","compCode":"0010010","tranSource":"CB","srcAccName":"ေန့စဥ္ေငြစာရင္း","accName":"Meals Expenses","deptUsrCode":"H"},{"glCode":"002102200000073","formatDate":"15/10/2022","glDate":"Saturday, October 15, 2022 at 12:00:00 AM Myanmar Time","description":"OT ေၾကး","sourceAcId":"001-00034","accCode":"001-00102","curCode":"MMK","crAmt":20000.0,"deptCode":"001-0001","compCode":"0010010","tranSource":"CB","srcAccName":"ေန့စဥ္ေငြစာရင္း","accName":"overtime charges","deptUsrCode":"H"},{"glCode":"002102200000074","formatDate":"17/10/2022","glDate":"Monday, October 17, 2022 at 12:00:00 AM Myanmar Time","description":"၀န္ထမ္းလစာႀကိဳတင္ေငြ","sourceAcId":"001-00034","accCode":"001-00048","curCode":"MMK","crAmt":15000.0,"deptCode":"001-0001","compCode":"0010010","tranSource":"CB","srcAccName":"ေန့စဥ္ေငြစာရင္း","accName":"Wages \u0026 Salaries","deptUsrCode":"H"},{"glCode":"002102200000075","formatDate":"17/10/2022","glDate":"Monday, October 17, 2022 at 12:00:00 AM Myanmar Time","description":"ပ႐ုတ္လံုး (9pkx900)","sourceAcId":"001-00034","accCode":"001-00053","curCode":"MMK","crAmt":8100.0,"deptCode":"001-0001","compCode":"0010010","tranSource":"CB","srcAccName":"ေန့စဥ္ေငြစာရင္း","accName":"General Expenses","deptUsrCode":"H"},{"glCode":"002102200000076","formatDate":"17/10/2022","glDate":"Monday, October 17, 2022 at 12:00:00 AM Myanmar Time","description":"၀န္ထမ္းေဆးခန္းျပစရိတ္","sourceAcId":"001-00034","accCode":"001-00155","curCode":"MMK","crAmt":6000.0,"deptCode":"001-0001","compCode":"0010010","tranSource":"CB","srcAccName":"ေန့စဥ္ေငြစာရင္း","accName":"Staff Health Care","deptUsrCode":"H"},{"glCode":"002102200000077","formatDate":"17/10/2022","glDate":"Monday, October 17, 2022 at 12:00:00 AM Myanmar Time","description":"Taxi ခ","sourceAcId":"001-00034","accCode":"001-00053","curCode":"MMK","crAmt":8000.0,"deptCode":"001-0001","compCode":"0010010","tranSource":"CB","srcAccName":"ေန့စဥ္ေငြစာရင္း","accName":"General Expenses","deptUsrCode":"H"},{"glCode":"002102200000078","formatDate":"17/10/2022","glDate":"Monday, October 17, 2022 at 12:00:00 AM Myanmar Time","description":"OT ေၾကး","sourceAcId":"001-00034","accCode":"001-00102","curCode":"MMK","crAmt":29500.0,"deptCode":"001-0001","compCode":"0010010","tranSource":"CB","srcAccName":"ေန့စဥ္ေငြစာရင္း","accName":"overtime charges","deptUsrCode":"H"},{"glCode":"002102200000079","formatDate":"17/10/2022","glDate":"Monday, October 17, 2022 at 12:00:00 AM Myanmar Time","description":"Wireless mini router","sourceAcId":"001-00034","accCode":"001-00498","curCode":"MMK","crAmt":53400.0,"deptCode":"001-0001","compCode":"0010010","tranSource":"CB","srcAccName":"ေန့စဥ္ေငြစာရင္း","accName":"Office Equipment","deptUsrCode":"H"},{"glCode":"002102200000081","formatDate":"17/10/2022","glDate":"Monday, October 17, 2022 at 12:00:00 AM Myanmar Time","description":"(NLW) ကုန္ဖိုးဘဏ္သြင္းေငြ","sourceAcId":"001-00034","accCode":"002-00013","curCode":"MMK","crAmt":2998800.0,"deptCode":"001-0001","compCode":"0010010","tranSource":"CB","srcAccName":"ေန့စဥ္ေငြစာရင္း","accName":"AYA Special (Ma Sandar Lin)","deptUsrCode":"H"},{"glCode":"098102200000102","formatDate":"17/10/2022","glDate":"Monday, October 17, 2022 at 12:00:00 AM Myanmar Time","description":"Sale Voucher Discount","sourceAcId":"001-00034","accCode":"002-00003","curCode":"MMK","crAmt":20320.0,"reference":"Garden (ၿမိတ္)","deptCode":"001-0001","traderCode":"CUS000184","compCode":"0010010","tranSource":"SALE","srcAccName":"ေန့စဥ္ေငြစာရင္း","accName":"Discount Allowed","deptUsrCode":"H","traderName":"Cash Down","refNo":"0200062-1022"},{"glCode":"098102200000103","formatDate":"17/10/2022","glDate":"Monday, October 17, 2022 at 12:00:00 AM Myanmar Time","description":"Sale Voucher Paid","sourceAcId":"001-00034","accCode":"002-00002","curCode":"MMK","drAmt":1016000.0,"reference":"Garden (ၿမိတ္)","deptCode":"001-0001","compCode":"0010010","tranSource":"SALE","srcAccName":"ေန့စဥ္ေငြစာရင္း","accName":"Sale Income","deptUsrCode":"H","refNo":"0200062-1022"},{"glCode":"098102200000104","formatDate":"17/10/2022","glDate":"Monday, October 17, 2022 at 12:00:00 AM Myanmar Time","description":"Sale Voucher Discount","sourceAcId":"001-00034","accCode":"002-00003","curCode":"MMK","crAmt":61200.0,"reference":"ေငြလ၀န္း (မကန)","deptCode":"001-0001","traderCode":"CUS000184","compCode":"0010010","tranSource":"SALE","srcAccName":"ေန့စဥ္ေငြစာရင္း","accName":"Discount Allowed","deptUsrCode":"H","traderName":"Cash Down","refNo":"0200063-1022"},{"glCode":"098102200000105","formatDate":"17/10/2022","glDate":"Monday, October 17, 2022 at 12:00:00 AM Myanmar Time","description":"Sale Voucher Paid","sourceAcId":"001-00034","accCode":"002-00002","curCode":"MMK","drAmt":3060000.0,"reference":"ေငြလ၀န္း (မကန)","deptCode":"001-0001","compCode":"0010010","tranSource":"SALE","srcAccName":"ေန့စဥ္ေငြစာရင္း","accName":"Sale Income","deptUsrCode":"H","refNo":"0200063-1022"},{"glCode":"098102200000108","formatDate":"18/10/2022","glDate":"Tuesday, October 18, 2022 at 12:00:00 AM Myanmar Time","description":"Sale Voucher Discount","sourceAcId":"001-00034","accCode":"002-00003","curCode":"MMK","crAmt":15000.0,"reference":"ဖိုးလျပည့္","deptCode":"001-0001","traderCode":"CUS000184","compCode":"0010010","tranSource":"SALE","srcAccName":"ေန့စဥ္ေငြစာရင္း","accName":"Discount Allowed","deptUsrCode":"H","traderName":"Cash Down","refNo":"0200065-1022"},{"glCode":"098102200000109","formatDate":"18/10/2022","glDate":"Tuesday, October 18, 2022 at 12:00:00 AM Myanmar Time","description":"Sale Voucher Paid","sourceAcId":"001-00034","accCode":"002-00002","curCode":"MMK","drAmt":750000.0,"reference":"ဖိုးလျပည့္","deptCode":"001-0001","compCode":"0010010","tranSource":"SALE","srcAccName":"ေန့စဥ္ေငြစာရင္း","accName":"Sale Income","deptUsrCode":"H","refNo":"0200065-1022"},{"glCode":"098102200128","formatDate":"18/10/2022","glDate":"Tuesday, October 18, 2022 at 12:00:00 AM Myanmar Time","description":"Sale Voucher Discount","sourceAcId":"001-00034","accCode":"002-00003","curCode":"MMK","crAmt":16400.0,"reference":"ႏွင္းေတာင္ (မူဆယ္)","deptCode":"001-0001","traderCode":"CUS000184","compCode":"0010010","tranSource":"SALE","srcAccName":"ေန့စဥ္ေငြစာရင္း","accName":"Discount Allowed","deptUsrCode":"H","traderName":"Cash Down","refNo":"0200064-1022"},{"glCode":"098102200129","formatDate":"18/10/2022","glDate":"Tuesday, October 18, 2022 at 12:00:00 AM Myanmar Time","description":"Sale Voucher Paid","sourceAcId":"001-00034","accCode":"002-00002","curCode":"MMK","drAmt":820000.0,"reference":"ႏွင္းေတာင္ (မူဆယ္)","deptCode":"001-0001","compCode":"0010010","tranSource":"SALE","srcAccName":"ေန့စဥ္ေငြစာရင္း","accName":"Sale Income","deptUsrCode":"H","refNo":"0200064-1022"},{"glCode":"098102200125","formatDate":"19/10/2022","glDate":"Wednesday, October 19, 2022 at 12:00:00 AM Myanmar Time","description":"Purchase Voucher Paid","sourceAcId":"001-00034","accCode":"002-00004","curCode":"MMK","crAmt":110000.0,"reference":"","deptCode":"001-0001","compCode":"0010010","tranSource":"PURCHASE","srcAccName":"ေန့စဥ္ေငြစာရင္း","accName":"Purchase","deptUsrCode":"H","refNo":"3000001-1022"},{"glCode":"098102200126","formatDate":"19/10/2022","glDate":"Wednesday, October 19, 2022 at 12:00:00 AM Myanmar Time","description":"Return In Voucher Paid","sourceAcId":"001-00034","accCode":"001-00038","curCode":"MMK","crAmt":100000.0,"reference":"","deptCode":"001-0001","compCode":"0010010","tranSource":"RETURN_IN","srcAccName":"ေန့စဥ္ေငြစာရင္း","accName":"Receivable (Debtors)","deptUsrCode":"H","refNo":"3000001-1022"},{"glCode":"098102200127","formatDate":"19/10/2022","glDate":"Wednesday, October 19, 2022 at 12:00:00 AM Myanmar Time","description":"Return Out Voucher Paid","sourceAcId":"001-00034","accCode":"001-00042","curCode":"MMK","drAmt":1000000.0,"reference":"","deptCode":"001-0001","compCode":"0010010","tranSource":"RETURN_OUT","srcAccName":"ေန့စဥ္ေငြစာရင္း","accName":"ကုန္သၫ္စာရင္း (ကုန္၀ယ္)","deptUsrCode":"H","refNo":"3000001-1022"},{"glCode":"098102200123","formatDate":"19/10/2022","glDate":"Wednesday, October 19, 2022 at 12:00:00 AM Myanmar Time","description":"Sale Voucher Paid","sourceAcId":"001-00034","accCode":"002-00002","curCode":"MMK","drAmt":100000.0,"reference":"11111111","deptCode":"001-0001","compCode":"0010010","tranSource":"SALE","srcAccName":"ေန့စဥ္ေငြစာရင္း","accName":"Sale Income","deptUsrCode":"H","refNo":"3000001-1022"}]