[{"key":{"glCode":"001122200003","compCode":"0010010"},"glDate":"Tuesday, December 13, 2022 at 12:00:00 AM Myanmar Time","description":"run","srcAccCode":"001-00034","accCode":"002-00002","curCode":"MMK","drAmt":1000.0,"deptCode":"001-0007","tranSource":"CB","macId":1,"deleted":false,"cash":false,"deptUsrCode":"6","srcAccName":"ေန့စဥ္ေငြစာရင္း","accName":"Sale Income","vouDate":"13/12/2022"},{"key":{"glCode":"003122200005","compCode":"0010010"},"glDate":"Tuesday, December 13, 2022 at 12:00:00 AM Myanmar Time","description":"test","srcAccCode":"001-00034","accCode":"002-00002","curCode":"MMK","drAmt":1000.0,"deptCode":"001-0001","tranSource":"CB","macId":3,"deleted":false,"cash":false,"deptUsrCode":"H","srcAccName":"ေန့စဥ္ေငြစာရင္း","accName":"Sale Income","vouDate":"13/12/2022"}]